,fluxes,reduced_costs
[M]_PRO_PROTON_vc,0.0,2.0
[B]_PRO_PROTON_vc,0.0,-0.6666666666666998
[M]_Ca_tx,0.0,-5.0
[B]_Ca_tx,0.2539055025825252,-2.0
[M]_H2O_xc,5.441035680054129,-2.0
[B]_H2O_xc,0.0,0.08805477541435458
[M]_sCIT_biomass,-0.06087286518269587,2.0
[B]_sCIT_biomass,0.0,2.0
[M]_ACETYLGLUTKIN_RXN_p,0.057407783991978385,-2.0
[B]_ACETYLGLUTKIN_RXN_p,0.0,16.80000000000058
[M]_2KG_OAA_mc,0.0,0.38758348707162327
[B]_2KG_OAA_mc,0.0,-1.9999999999998863
[M]_LEUCINE_TRNA_LIGASE_RXN_c,0.0,3.642338656901302
[B]_LEUCINE_TRNA_LIGASE_RXN_c,0.10369853002851304,-2.0
[M]_DIAMINOPIMDECARB_RXN_p,0.0591927312420085,-2.000000000000014
[B]_DIAMINOPIMDECARB_RXN_p,0.0,-2.0
[M]_ASPARTATE_TRNA_LIGASE_RXN_c,0.0,3.642338656901188
[B]_ASPARTATE_TRNA_LIGASE_RXN_c,0.07046776940943986,-1.9999999999999432
[M]_F16ALDOLASE_RXN_p,-8.912826162069818,2.0
[B]_F16ALDOLASE_RXN_p,-2.81665921949181,2.0
[M]_RXN_7978_p,0.0,34.107408208529364
[B]_RXN_7978_p,0.0,53.06501272432129
[M]_Photon_tx,297.31643180291644,-2.0
[B]_Photon_tx,13.423778636757062,-2.0
[M]_2_METHYL_ACETO_ACETYL_COA_xc,0.0,2.0
[B]_2_METHYL_ACETO_ACETYL_COA_xc,0.0,-2.0
[M]_F16ALDOLASE_RXN_c,0.0,2.0
[B]_F16ALDOLASE_RXN_c,-0.04055875192879931,2.0
[M]_RXN_9532_p,0.17799985055245035,-2.000000000000014
[B]_RXN_9532_p,0.0,-2.0
[M]_RXN_5642_c,0.0,-1.9999999999999716
[B]_RXN_5642_c,0.0,-1.1559801423878753
[M]_L_ASCORBATE_PEROXIDASE_RXN_p,0.0,-2.0
[B]_L_ASCORBATE_PEROXIDASE_RXN_p,0.0,-1.9999999999999998
[M]_L_ASCORBATE_PEROXIDASE_RXN_m,0.0,-2.0
[B]_L_ASCORBATE_PEROXIDASE_RXN_m,0.0,-2.0
[M]_SER_PROTON_vc,0.0,2.0
[B]_SER_PROTON_vc,0.0,-0.6666666666666998
[M]_PYRUVATE_PROTON_mc,0.0,1.9999999999999858
[B]_PYRUVATE_PROTON_mc,-0.4616074372213794,2.0
[M]_NADH_DEHYDROG_A_RXN_mi,2.786078075427363,-2.0
[B]_NADH_DEHYDROG_A_RXN_mi,3.8956927049682397,-2.000000000000057
[M]_L_ALPHA_ALANINE_PROTON_vc,0.0,2.0
[B]_L_ALPHA_ALANINE_PROTON_vc,0.0,-0.6666666666666998
[M]_NADH_DEHYDROG_A_RXN_mc,0.14191497828003433,-1.9999999999998863
[B]_NADH_DEHYDROG_A_RXN_mc,0.0,28.532506362160063
[M]_ACETYL_COA_ACETYLTRANSFER_RXN_x,0.0,1.836807282933819
[B]_ACETYL_COA_ACETYLTRANSFER_RXN_x,0.0,-2.0
[M]_pTHR_biomass,-0.047680172591442076,2.0
[B]_pTHR_biomass,0.0,2.0
[M]_Starch_biomass,-0.17020401092774703,2.0
[B]_Starch_biomass,0.0,2.0
[M]_MAL_Pi_mc,0.0,2.0
[B]_MAL_Pi_mc,0.0,-2.000000000000121
[M]_ALANINE_GLYOXYLATE_AMINOTRANSFERASE_RXN_x,0.0,5.684341886080802e-14
[B]_ALANINE_GLYOXYLATE_AMINOTRANSFERASE_RXN_x,0.0,2.5105085241000324
[M]_RXN_9663_p,0.17799985055245035,-1.9999999999997868
[B]_RXN_9663_p,0.0,-2.0
[M]_H_pc,-16.398735195822322,1.9999999999999858
[B]_H_pc,9.257160864584453,-2.0
[M]_H_mc,0.0,3.3303768607824225
[B]_H_mc,4.33904924923144,-2.0
[M]_2_METHYL_3_HYDROXY_BUTYRYL_COA_mc,6.938893903907228e-18,2.0
[B]_2_METHYL_3_HYDROXY_BUTYRYL_COA_mc,0.0,2.0
[M]_RIBULOSE_BISPHOSPHATE_CARBOXYLASE_RXN_p,16.780383060875273,-1.9999999999999716
[B]_RIBULOSE_BISPHOSPHATE_CARBOXYLASE_RXN_p,7.37229892282036,-2.0
[M]_IGPSYN_RXN_p,0.0,-2.000000000000014
[B]_IGPSYN_RXN_p,0.0,9.224234666901111
[M]_5_METHYL_THF_pc,3.469446951953614e-18,2.0
[B]_5_METHYL_THF_pc,-5.90434569539294e-15,2.0
[M]_ASN_PROTON_vc,0.0,2.0
[B]_ASN_PROTON_vc,0.0,-0.6666666666666998
[M]_WATER_vc,0.0,-2.0
[B]_WATER_vc,0.0,-2.0
[M]_RXN_9652_p,0.17799985055245035,-2.000000000000014
[B]_RXN_9652_p,0.0,-2.000000000000142
[M]_FUMHYDR_RXN_m,0.0,-0.4999999999999716
[B]_FUMHYDR_RXN_m,0.0,0.0
[M]_RXN0_884_p,0.0,-2.0000000000000853
[B]_RXN0_884_p,0.0,-2.0
[M]_HS_pc,4.7234765563143525e-15,2.0
[B]_HS_pc,-5.90434569539294e-15,1.9999999999999858
[M]_FUMHYDR_RXN_c,0.0,-0.5
[B]_FUMHYDR_RXN_c,0.09284658858397238,-2.0
[M]_GLUTAMINE_TRNA_LIGASE_RXN_c,0.0,-0.3576613430986981
[B]_GLUTAMINE_TRNA_LIGASE_RXN_c,0.08494006865525866,-2.0000000000001137
[M]_ALANINE_AMINOTRANSFERASE_RXN_m,0.0,5.684341886080802e-14
[B]_ALANINE_AMINOTRANSFERASE_RXN_m,0.0,0.0
[M]_Nitrate_ec,0.0,-2.0
[B]_Nitrate_ec,2.1932699284771866,-2.0
[M]_GLYCOGENSYN_RXN_p,0.17020401092774703,-2.000000000000007
[B]_GLYCOGENSYN_RXN_p,0.0,-2.000000000000014
[M]_NITRATE_vc,0.0,-2.0
[B]_NITRATE_vc,0.0,-2.0
[M]_RXN_1841_v,0.0,41.78591024210982
[B]_RXN_1841_v,0.0,31.962061527021092
[M]_ALANINE_AMINOTRANSFERASE_RXN_x,0.0,2.0
[B]_ALANINE_AMINOTRANSFERASE_RXN_x,0.0,2.0
[M]_MALSYN_RXN_x,0.0,80.04020399300748
[B]_MALSYN_RXN_x,0.0,61.698435226687515
[M]_MYO_INOSITOL_1OR_4_MONOPHOSPHATASE_RXN_c,0.0,54.375460084924384
[B]_MYO_INOSITOL_1OR_4_MONOPHOSPHATASE_RXN_c,0.0,39.034338281521286
[M]_ORNITHINE_CITRULLINE_pc,0.0,-2.0
[B]_ORNITHINE_CITRULLINE_pc,0.0,-2.0
[M]_RXN0_2301_m,0.0,-2.0
[B]_RXN0_2301_m,0.0,-2.0
[M]_GLT_xc,-2.208997715427563,2.0
[B]_GLT_xc,0.0,-2.000000000000057
[M]_pGLU_biomass,-0.06795205492421631,2.0
[B]_pGLU_biomass,0.0,2.0
[M]_UREASE_RXN_c,0.0,53.96002064290383
[B]_UREASE_RXN_c,0.0,18.973107213536593
[M]_ALANINE_AMINOTRANSFERASE_RXN_c,-0.2103415858171147,2.0
[B]_ALANINE_AMINOTRANSFERASE_RXN_c,0.0,1.599999999999909
[M]_DIAMINOPIMEPIM_RXN_p,0.0591927312420085,-2.0
[B]_DIAMINOPIMEPIM_RXN_p,0.0,-2.0
[M]_sFUM_biomass,-0.0013138017100326148,2.0
[B]_sFUM_biomass,0.0,2.0
[M]_GLURS_RXN_c,0.0,-0.35766134309847075
[B]_GLURS_RXN_c,0.08494006865527039,-1.9999999999999432
[M]_ISOBUTYRYL_COA_xc,2.693711845525013e-16,2.0
[B]_ISOBUTYRYL_COA_xc,-3.367139806906266e-16,2.0
[M]_2K_ADIPATE_mc,0.0,-2.0
[B]_2K_ADIPATE_mc,0.0,-2.0
[M]_GABATRANSAM_RXN_m,0.0,-1.9999999999999716
[B]_GABATRANSAM_RXN_m,0.0,-2.0
[M]_1_ACYLGLYCEROL_3_P_ACYLTRANSFER_RXN_p,0.0,-2.0
[B]_1_ACYLGLYCEROL_3_P_ACYLTRANSFER_RXN_p,0.0,-2.0
[M]_GLY_PROTON_rev_vc,0.0,2.0
[B]_GLY_PROTON_rev_vc,0.0,-0.666666666666643
[M]_THREDEHYD_RXN_p,0.0,-2.0000000000001137
[B]_THREDEHYD_RXN_p,0.0,2.11473306602295
[M]_MANNPISOM_RXN_c,0.0,2.0
[B]_MANNPISOM_RXN_c,0.0,-0.4660297864181757
[M]_ATP_pc,2.565848768022584e-14,-1.9999999999999964
[B]_ATP_pc,4.2689700088279e-15,2.0000000000000355
[M]_PROPCOASYN_RXN_x,1.0774847382100052e-15,-1.9999999999999432
[B]_PROPCOASYN_RXN_x,-1.3468559227625064e-15,-1.999999999999993
[M]_OAA_Pi_mc,0.0,0.0
[B]_OAA_Pi_mc,0.0,0.0
[M]_ACSERLY_RXN_c,0.0,-2.0
[B]_ACSERLY_RXN_c,0.0,1.5291083843059141
[M]_ACETOOHBUTSYN_RXN_p,0.038069858467370404,-2.000000000000014
[B]_ACETOOHBUTSYN_RXN_p,0.0,-2.0000000000000284
[M]_2_ISOPROPYLMALATESYN_RXN_p,0.0,-2.0000000000000426
[B]_2_ISOPROPYLMALATESYN_RXN_p,0.10369853002851304,-2.0000000000000284
[M]_3_ISOPROPYLMALISOM_RXN_p,0.0,10.635865986236013
[B]_3_ISOPROPYLMALISOM_RXN_p,0.10369853002851304,-1.9999999999999725
[M]_4_AMINO_BUTYRATE_PROTON_rev_vc,0.0,2.0
[B]_4_AMINO_BUTYRATE_PROTON_rev_vc,0.0,-0.6666666666666998
[M]_GLUC1PADENYLTRANS_RXN_p,0.17020401092774703,-1.9999999999999574
[B]_GLUC1PADENYLTRANS_RXN_p,0.0,16.106798938133558
[M]_ACONITATEHYDR_RXN_c,0.0,-2.0
[B]_ACONITATEHYDR_RXN_c,0.46160743722138703,-2.0
[M]_PROTONATP_rev_vc,0.0,17.767922869274912
[B]_PROTONATP_rev_vc,0.0,16.844168787386735
[M]_MALTODEXGLUCOSID_RXN_p,0.0,26.035974745669705
[B]_MALTODEXGLUCOSID_RXN_p,0.0,-1.9928050508661368
[M]_PGLYCDEHYDROG_RXN_p,0.0,1.9999999999991047
[B]_PGLYCDEHYDROG_RXN_p,0.0,1.9999999999985931
[M]_ACETOOHBUTREDUCTOISOM_RXN_p,0.038069858467370404,-1.9999999999999858
[B]_ACETOOHBUTREDUCTOISOM_RXN_p,0.0,-1.9999999999999716
[M]_THR_PROTON_rev_vc,0.0,2.0
[B]_THR_PROTON_rev_vc,0.0,-0.6666666666666998
[M]_ACSERLY_RXN_p,0.02508676648633345,-2.0
[B]_ACSERLY_RXN_p,5.90434569539294e-15,-1.9999999999999858
[M]_Beta_Oxidation_x,0.0,107.28826661028506
[B]_Beta_Oxidation_x,0.0,154.15036427435098
[M]_RXN_9661_p,0.17799985055245035,-2.000000000000014
[B]_RXN_9661_p,0.0,-2.0000000000000995
[M]_ACONITATEHYDR_RXN_m,0.015339804936116566,-2.0
[B]_ACONITATEHYDR_RXN_m,0.0,-2.0
[M]_RXN_6883_mi,0.0,17.982261164694933
[B]_RXN_6883_mi,0.0,11.519503817296084
[M]_H_tx,0.0,158.22074199777433
[B]_H_tx,0.0,122.7196581354589
[M]_GLUTARYL_COA_DEHYDROG_RXN_m,0.0,90.81223788365139
[B]_GLUTARYL_COA_DEHYDROG_RXN_m,0.0,73.37439127182864
[M]_PRPPAMIDOTRANS_RXN_p,0.0,-1.9999999999999716
[B]_PRPPAMIDOTRANS_RXN_p,0.0,2313.114071031197
[M]_lycopene_biosynthesis_p,0.0,-2.000000000000014
[B]_lycopene_biosynthesis_p,0.0,-2.0000000000001847
[M]_1_PERIOD_5_PERIOD_1_PERIOD_8_RXN_c,0.0,-1.9999999999999147
[B]_1_PERIOD_5_PERIOD_1_PERIOD_8_RXN_c,0.0,6.440198576121574
[M]_RXN_6883_mc,0.0,17.982261164694876
[B]_RXN_6883_mc,0.0,-2.0
[M]_RXN_13202_p,0.0,6.017987372834909
[B]_RXN_13202_p,0.0,47.27041161767863
[M]_RXN_9650_p,0.17799985055245035,-1.9999999999999858
[B]_RXN_9650_p,0.0,-2.0000000000000284
[M]_DHAP_Pi_pc,0.0,-2.0
[B]_DHAP_Pi_pc,0.0,-1.1368683772161603e-13
[M]_H_im,0.0,3.3303768607824793
[B]_H_im,0.0,2.2532506362160234
[M]_CDPKIN_RXN_p,0.0,2.000000000000017
[B]_CDPKIN_RXN_p,0.0,2.0000000000000338
[M]_H2O_pc,-15.798943000135145,2.0
[B]_H2O_pc,0.011419188545387635,-2.0000000000000275
[M]_RXN_7703_c,0.0,3.9999999999999716
[B]_RXN_7703_c,0.5737031646096891,-2.000000000000014
[M]_CDPKIN_RXN_m,0.0,-2.000000000000007
[B]_CDPKIN_RXN_m,0.0,-2.000000000000008
[M]_OAA_ISOCITRATE_mc,0.0,-1.1368683772161603e-13
[B]_OAA_ISOCITRATE_mc,0.0,2.000000000000284
[M]_3PGAREARR_RXN_p,0.10958530582529305,-2.000000000000057
[B]_3PGAREARR_RXN_p,0.09544773295412176,-2.0
[M]_RXN_14903_m,0.0,-1.9999999999999716
[B]_RXN_14903_m,0.0,36.42447869866493
[M]_FGAMSYN_RXN_p,0.0,3324.296176348927
[B]_FGAMSYN_RXN_p,0.0,-2.000000000000014
[M]_2_METHYL_3_HYDROXY_BUTYRYL_COA_xc,0.0,-2.0
[B]_2_METHYL_3_HYDROXY_BUTYRYL_COA_xc,0.0,2.0
[M]_ASN_PROTON_rev_vc,0.0,-2.0
[B]_ASN_PROTON_rev_vc,0.0,-1.9999999999999787
[M]_ISOCITRATE_DEHYDROGENASE_NAD_RXN_m,0.0,32.81626007791101
[B]_ISOCITRATE_DEHYDROGENASE_NAD_RXN_m,0.0,20.765045395640755
[M]_1TRANSKETO_RXN_p,7.445744905613206,-2.000000000000057
[B]_1TRANSKETO_RXN_p,2.4415250187810997,-2.0
[M]_Sucrose_tx,0.0,-1881.2723813575158
[B]_Sucrose_tx,0.0,-1502.6547412607124
[M]_ADP_pc,0.0,1.0000000000000142
[B]_ADP_pc,0.0,-0.9999999999999787
[M]_RXN_9536_p,0.17799985055245035,-2.0000000000000995
[B]_RXN_9536_p,0.0,-1.9999999999999716
[M]_GAP_Pi_pc,2.2267652521254147,-2.0
[B]_GAP_Pi_pc,0.0,-1.1368683772161603e-13
[M]_3_HYDROXYISOBUTYRATE_DEHYDROGENASE_RXN_m,0.0,-1.9999999999999858
[B]_3_HYDROXYISOBUTYRATE_DEHYDROGENASE_RXN_m,0.0,-2.000000000000007
[M]_4_HYDROXYPHENYLPYRUVATE_DIOXYGENASE_RXN_c,0.0,13.136090002901732
[B]_4_HYDROXYPHENYLPYRUVATE_DIOXYGENASE_RXN_c,0.0,-1.9999999999999503
[M]_MANNOSE_6_PHOSPHATE_6_REDUCTASE_RXN_c,3.4467781157118207,-2.0
[B]_MANNOSE_6_PHOSPHATE_6_REDUCTASE_RXN_c,1.058039712562624,-1.9999999999999716
[M]_MAL_ISOCITRATE_mc,0.0,1.9999999999998863
[B]_MAL_ISOCITRATE_mc,0.0,2.842170943040401e-14
[M]_RXN_12541_c,0.0,-0.05024822015184327
[B]_RXN_12541_c,0.0,5.799999999999983
[M]_sALA_biomass,-0.10506090798752805,2.0
[B]_sALA_biomass,0.0,2.0
[M]_LYS_PROTON_vc,0.0,2.0
[B]_LYS_PROTON_vc,0.0,-0.6666666666665861
[M]_IMPCYCLOHYDROLASE_RXN_p,0.01818328858523214,-2.0
[B]_IMPCYCLOHYDROLASE_RXN_p,0.0,39.74764877032251
[M]_FERREDOXIN_NITRITE_REDUCTASE_RXN_p,1.7546159427817494,-2.0
[B]_FERREDOXIN_NITRITE_REDUCTASE_RXN_p,0.0,14.228430660125241
[M]_ASPARTATEKIN_RXN_p,1.6702410033255788,-2.0000000000005853
[B]_ASPARTATEKIN_RXN_p,0.0,-2.0000000000003464
[M]_RXN_9523_p,0.0,-2.842170943040401e-14
[B]_RXN_9523_p,0.0,-2.0000000000000284
[M]_MALTODEG_RXN_c,0.0,-2.0
[B]_MALTODEG_RXN_c,0.0,-2.0
[M]_ARGINASE_RXN_m,0.0,-2.0
[B]_ARGINASE_RXN_m,0.0,1.2000000000000455
[M]_3_DEHYDROQUINATE_DEHYDRATASE_RXN_p,0.05479265291264691,-1.9999999999999858
[B]_3_DEHYDROQUINATE_DEHYDRATASE_RXN_p,0.04772386647706088,-1.9999999999999147
[M]_ISOBUTYRYL_COA_mc,0.0,2.0
[B]_ISOBUTYRYL_COA_mc,0.0,2.0
[M]_RXN_13161_m,0.0,222.34757455410434
[B]_RXN_13161_m,0.0,153.52531946227393
[M]_1_PERIOD_2_PERIOD_1_PERIOD_13_RXN_p,56.5148799395499,-1.9999999999999858
[B]_1_PERIOD_2_PERIOD_1_PERIOD_13_RXN_p,0.11413502420946212,-1.999999999999858
[M]_ACETALD_mc,-1.5002114745384145,2.0
[B]_ACETALD_mc,0.0,2.0
[M]_GAP_3PGA_pc,9.750069241118672,-2.0
[B]_GAP_3PGA_pc,-3.6613599384653033,1.9999999999999716
[M]_HOMOSERDEHYDROG_RXN_NADP_p,1.6110482720835704,-1.9999999999999858
[B]_HOMOSERDEHYDROG_RXN_NADP_p,0.0,12.220099288061022
[M]_TRP_TRNA_LIGASE_RXN_c,0.0,2406.9699149469984
[B]_TRP_TRNA_LIGASE_RXN_c,0.0,1925.9022596081995
[M]_2KETO_4METHYL_PENTANOATE_DEHYDROG_RXN_m,0.0,-2.0
[B]_2KETO_4METHYL_PENTANOATE_DEHYDROG_RXN_m,0.0,-1.9999999999999787
[M]_CYTOCHROME_C_OXIDASE_RXN_mc,0.07095748914001716,-2.0
[B]_CYTOCHROME_C_OXIDASE_RXN_mc,0.0,-2.0
[M]_1_PERIOD_1_PERIOD_1_PERIOD_178_RXN_x,0.0,-2.0
[B]_1_PERIOD_1_PERIOD_1_PERIOD_178_RXN_x,0.0,6.110508524101952
[M]_CYTOCHROME_C_OXIDASE_RXN_mi,1.3930390377136814,-2.0
[B]_CYTOCHROME_C_OXIDASE_RXN_mi,1.9478463524841199,-2.0
[M]_OAA_CIT_mc,0.0,-1.7053025658242404e-13
[B]_OAA_CIT_mc,-0.4616074372213794,2.000000000000142
[M]_SUCCINATE_COA_LIGASE_GDP_FORMING_RXN_m,0.0,-1.4210854715202004e-14
[B]_SUCCINATE_COA_LIGASE_GDP_FORMING_RXN_m,0.0,42.311651218507805
[M]_RXN_5682_p,0.0,2.0000000000001563
[B]_RXN_5682_p,0.0,-1.9999999999998863
[M]_RIBULP3EPIM_RXN_p,-14.946282464139056,2.0
[B]_RIBULP3EPIM_RXN_p,-4.930773904039261,2.0
[M]_2_PERIOD_3_PERIOD_1_PERIOD_180_RXN_p,0.1779998505524505,-1.9999999999999858
[B]_2_PERIOD_3_PERIOD_1_PERIOD_180_RXN_p,0.0,-2.0000000000000284
[M]_pILE_biomass,-0.0380698584673704,2.0
[B]_pILE_biomass,0.0,2.0
[M]_SER_PROTON_rev_vc,0.0,-2.0
[B]_SER_PROTON_rev_vc,0.0,-1.9999999999999787
[M]_GGPP_biosynthesis_p,-7.026728003956686e-17,-2.000000000000057
[B]_GGPP_biosynthesis_p,0.0,-1.9999999999999147
[M]_OAA_ACONITATE_mc,0.0,-2.000000000000057
[B]_OAA_ACONITATE_mc,0.0,2.8421709430404007e-13
[M]_ADPREDUCT_RXN_p,0.0,-1.9999999999999796
[B]_ADPREDUCT_RXN_p,0.0,-1.9999999999999862
[M]_pASP_biomass,-0.05637421552755225,2.0
[B]_pASP_biomass,0.0,2.0
[M]_HOMOSERDEHYDROG_RXN_NAD_p,0.0,1.9999999999999716
[B]_HOMOSERDEHYDROG_RXN_NAD_p,0.0,12.220099288060766
[M]_AICARSYN_RXN_p,0.0,-2.0
[B]_AICARSYN_RXN_p,0.0,-2.0
[M]_SERINE_TRNA_LIGASE_RXN_c,0.0,3.642338656901302
[B]_SERINE_TRNA_LIGASE_RXN_c,0.10517644970623963,-1.9999999999999432
[M]_H2O_tx,0.0,-9.0
[B]_H2O_tx,21.442453337834465,-2.0
[M]_TYR_PROTON_vc,0.0,2.0
[B]_TYR_PROTON_vc,0.0,-0.6666666666665861
[M]_RXN0_5330_NADP_mi,0.0,46.1377675210409
[B]_RXN0_5330_NADP_mi,0.0,18.357948652444293
[M]_SUCROSE_PROTON_vc,0.0,-2.0
[B]_SUCROSE_PROTON_vc,0.0,-0.6666666666665861
[M]_CDPREDUCT_RXN_p,0.0,-2.0
[B]_CDPREDUCT_RXN_p,0.0,-2.000000000000001
[M]_GLYCOLLATE_pc,2.193657910491446,-2.0
[B]_GLYCOLLATE_pc,0.0,-2.0
[M]_PYRUVATEORTHOPHOSPHATE_DIKINASE_RXN_p,0.0,-0.7944021151134848
[B]_PYRUVATEORTHOPHOSPHATE_DIKINASE_RXN_p,0.0,11.65347334350571
[M]_3PGA_Pi_pc,0.0,-5.684341886080802e-14
[B]_3PGA_Pi_pc,1.6435327508826207,-2.000000000000057
[M]_PYRROLINECARBDEHYDROG_RXN_NADP_m,0.0,-2.0000000000000426
[B]_PYRROLINECARBDEHYDROG_RXN_NADP_m,0.0,-2.0
[M]_MET_PROTON_rev_vc,0.0,2.0
[B]_MET_PROTON_rev_vc,0.0,-0.6666666666665861
[M]_CATAL_RXN_x,2.796730510145879,-2.0
[B]_CATAL_RXN_x,3.411696313584471e-16,-2.0
[M]_sGLU_biomass,-0.07320832534852487,2.0
[B]_sGLU_biomass,0.0,2.0
[M]_IMP_DEHYDROG_RXN_c,2.168404344971009e-18,-2.0000000000000284
[B]_IMP_DEHYDROG_RXN_c,3.3306690738754696e-16,-2.0
[M]_AMPSYN_RXN_p,0.01818328858523214,-2.000000000000014
[B]_AMPSYN_RXN_p,0.0,-2.0
[M]_RXN_9654_p,0.17799985055245035,-2.0000000000000426
[B]_RXN_9654_p,0.0,-2.000000000000057
[M]_RIBULP3EPIM_RXN_c,0.0,1.5
[B]_RIBULP3EPIM_RXN_c,0.0,-2.0
[M]_PYRUVATEORTHOPHOSPHATE_DIKINASE_RXN_c,0.0,16.70546887776669
[B]_PYRUVATEORTHOPHOSPHATE_DIKINASE_RXN_c,0.0,18.156732539232564
[M]_MALATE_DEHYDROGENASE_NADP_RXN_p,1.209632376696687,-1.9999999999999858
[B]_MALATE_DEHYDROGENASE_NADP_RXN_p,0.0,2.000000000000256
[M]_SUCCINATE_SEMIALDEHYDE_DEHYDROGENASE_RXN_m,0.0,61.41614225668769
[B]_SUCCINATE_SEMIALDEHYDE_DEHYDROGENASE_RXN_m,0.0,44.48915333922787
[M]_DADPKIN_RXN_p,0.0,-2.000000000000017
[B]_DADPKIN_RXN_p,0.0,-2.0000000000000338
[M]_HOMOGENTISATE_12_DIOXYGENASE_RXN_c,0.0,-1.9999999999999778
[B]_HOMOGENTISATE_12_DIOXYGENASE_RXN_c,0.0,0.33760794304500585
[M]_CYS_mc,0.0,1.9999999999999716
[B]_CYS_mc,0.0,2.0000000000000275
[M]_RXN0_5330_NADP_mc,0.0,46.137767521040956
[B]_RXN0_5330_NADP_mc,0.0,31.877452469740376
[M]_2_PERIOD_7_PERIOD_7_PERIOD_13_RXN_c,0.0,23.76792286927494
[B]_2_PERIOD_7_PERIOD_7_PERIOD_13_RXN_c,0.0,16.68036808183831
[M]_NITRITE_pc,1.7546159427817494,-2.0
[B]_NITRITE_pc,0.0,-2.0
[M]_ACONITATEDEHYDR_RXN_m,0.0,-1.9999999999999432
[B]_ACONITATEDEHYDR_RXN_m,0.0,-2.0
[M]_DIACYLGLYCEROL_pr,0.0,2.0
[B]_DIACYLGLYCEROL_pr,0.0,2.0
[M]_SUC_SO4_mc,0.0,2.0
[B]_SUC_SO4_mc,0.0,2.0
[M]_sMAL_biomass,-0.09917523754203939,2.0
[B]_sMAL_biomass,0.0,2.0
[M]_HOMOCYSMETB12_RXN_p,0.0,-2.0
[B]_HOMOCYSMETB12_RXN_p,5.90434569539294e-15,-2.0
[M]_TRIOSEPISOMERIZATION_RXN_c,0.0,-2.0
[B]_TRIOSEPISOMERIZATION_RXN_c,0.0,-1.6000000000000227
[M]_2KETO_3METHYLVALERATE_RXN_m,6.938893903907228e-18,-2.0
[B]_2KETO_3METHYLVALERATE_RXN_m,0.0,2.8663051144600757
[M]_RXN_3522_p,0.0,-2.0000000000000284
[B]_RXN_3522_p,0.0,-2.0
[M]_ACONITATEDEHYDR_RXN_c,0.015339804936116566,-2.0
[B]_ACONITATEDEHYDR_RXN_c,0.46160743722138703,-2.0
[M]_HISTIDINE_TRNA_LIGASE_RXN_c,0.0,-0.3576613430989255
[B]_HISTIDINE_TRNA_LIGASE_RXN_c,0.022729110731540172,-2.0
[M]_TRIOSEPISOMERIZATION_RXN_p,20.678936820096943,-2.0
[B]_TRIOSEPISOMERIZATION_RXN_p,0.0,-1.6000000000000227
[M]_MANNPGUANYLTRANGDP_RXN_c,0.0,-2.0
[B]_MANNPGUANYLTRANGDP_RXN_c,0.0,0.13397021358164807
[M]_O2_ec,-24.664950214737527,2.0
[B]_O2_ec,0.0,2.0
[M]_Protein_Polymerisation_c,0.9793322323427313,-2.0
[B]_Protein_Polymerisation_c,0.0,-1.9999999999999787
[M]_RXN0_5224_c,3.3953260894928805,-2.0
[B]_RXN0_5224_c,0.0,2.0
[M]_4_PERIOD_2_PERIOD_1_PERIOD_61_RXN_p,0.17799985055245035,-2.0
[B]_4_PERIOD_2_PERIOD_1_PERIOD_61_RXN_p,0.0,-1.9999999999999725
[M]_Pi_ec,0.0,-2.0
[B]_Pi_ec,0.10171420031572165,-2.0
[M]_1_PERIOD_10_PERIOD_2_PERIOD_2_RXN_mc,0.14191497828003433,-1.9999999999998295
[B]_1_PERIOD_10_PERIOD_2_PERIOD_2_RXN_mc,0.0,10.0
[M]_VAL_PROTON_vc,0.0,2.0
[B]_VAL_PROTON_vc,0.0,-0.6666666666666998
[M]_ADENOSYLHOMOCYSTEINASE_RXN_c,0.0,-2.000000000000057
[B]_ADENOSYLHOMOCYSTEINASE_RXN_c,0.0,-2.0
[M]_DIHYDROOROT_RXN_p,0.0,-2.000000000000014
[B]_DIHYDROOROT_RXN_p,0.0,2079.421924035108
[M]_PRO_GLU_mc,0.0,2.0
[B]_PRO_GLU_mc,0.0,-2.0
[M]_1_PERIOD_8_PERIOD_5_PERIOD_1_RXN_m,0.0,-2.0
[B]_1_PERIOD_8_PERIOD_5_PERIOD_1_RXN_m,0.0,-2.0000000000000018
[M]_2_PERIOD_4_PERIOD_1_PERIOD_111_RXN_c,0.0,-0.788880315579604
[B]_2_PERIOD_4_PERIOD_1_PERIOD_111_RXN_c,0.0,-2.000000000000014
[M]_RXN0_5224_p,1.2459989538671525,-2.0
[B]_RXN0_5224_p,0.0,2.0
[M]_PROPIONYL_COA_mc,0.0,2.0
[B]_PROPIONYL_COA_mc,0.0,2.0
[M]_1_PERIOD_8_PERIOD_5_PERIOD_1_RXN_p,0.0,-1.0658141036401503e-14
[B]_1_PERIOD_8_PERIOD_5_PERIOD_1_RXN_p,0.0,1.0658141036401503e-14
[M]_FRU_PROTON_rev_vc,0.0,2.0
[B]_FRU_PROTON_rev_vc,0.0,0.6666666666666714
[M]_METHYLGLUTACONYL_COA_HYDRATASE_RXN_m,0.0,-2.0
[B]_METHYLGLUTACONYL_COA_HYDRATASE_RXN_m,0.0,-2.0
[M]_RXN0_5224_m,0.0,2.0
[B]_RXN0_5224_m,0.0,2.0
[M]_DUTP_PYROP_RXN_p,0.0,-2.0
[B]_DUTP_PYROP_RXN_p,0.0,29.50824807848545
[M]_1_PERIOD_10_PERIOD_2_PERIOD_2_RXN_mi,2.786078075427363,-1.9999999999999716
[B]_1_PERIOD_10_PERIOD_2_PERIOD_2_RXN_mi,3.8956927049682397,-2.0000000000000284
[M]_ALCOHOL_DEHYDROG_RXN_c,0.0,1.9999999999999716
[B]_ALCOHOL_DEHYDROG_RXN_c,0.0,0.32296524917859415
[M]_pMET_biomass,-0.02508676648633817,2.0
[B]_pMET_biomass,0.0,2.0
[M]_CO2_pc,-16.68573560224523,2.0
[B]_CO2_pc,-5.617530266006772,2.0
[M]_RXN_9527_p,0.0,-1.4210854715202004e-13
[B]_RXN_9527_p,0.0,-2.0000000000000284
[M]_L_ASPARTATE_xc,0.0,2.0
[B]_L_ASPARTATE_xc,0.0,2.0
[M]_sGABA_biomass,-0.02224206044867432,2.0
[B]_sGABA_biomass,0.0,2.0
[M]_Phytol_biosynthesis_p,0.0,-2.000000000000057
[B]_Phytol_biosynthesis_p,0.0,-2.0000000000000426
[M]_GDPREDUCT_RXN_p,0.0,-2.0
[B]_GDPREDUCT_RXN_p,0.0,-2.0
[M]_HISTCYCLOHYD_RXN_p,0.01818328858523214,-2.0
[B]_HISTCYCLOHYD_RXN_p,0.0,-2.0000000000000275
[M]_RXN_7677_p,0.0,72.21481641705871
[B]_RXN_7677_p,0.0,110.13002544864229
[M]_HIS_CITRULLINE_mc,0.0,0.0
[B]_HIS_CITRULLINE_mc,0.0,0.0
[M]_DIHYDROXYMETVALDEHYDRAT_RXN_p,0.038069858467370404,-2.0
[B]_DIHYDROXYMETVALDEHYDRAT_RXN_p,0.0,-1.9999999999999725
[M]_S_ADENMETSYN_RXN_c,0.0,735.1614118016255
[B]_S_ADENMETSYN_RXN_c,0.0,583.2516358104106
[M]_SUCCCOASYN_RXN_m,0.0,-1.999999999999993
[B]_SUCCCOASYN_RXN_m,0.0,40.311651218507805
[M]_RXN_11832_m,0.0,-1.9999999999999822
[B]_RXN_11832_m,0.0,-1.999999999999993
[M]_F16BDEPHOS_RXN_c,0.0,-2.0
[B]_F16BDEPHOS_RXN_c,0.04055875192879931,-2.0
[M]_LEU_PROTON_rev_vc,0.0,2.0
[B]_LEU_PROTON_rev_vc,0.0,-0.6666666666665861
[M]_ALLYSINE_DEHYDROG_RXN_c,0.0,-2.000000000000057
[B]_ALLYSINE_DEHYDROG_RXN_c,0.0,1.74306453723932
[M]_Mehler_Reaction_p,0.0,18.053704104264682
[B]_Mehler_Reaction_p,0.0,27.53250636216064
[M]_UREA_mc,0.0,2.0
[B]_UREA_mc,0.0,-2.0
[M]_Ca_ec,0.0,-2.0
[B]_Ca_ec,0.2539055025825252,-2.0
[M]_RXN_11832_p,0.0,-1.9999999999999822
[B]_RXN_11832_p,0.0,-1.9999999999999787
[M]_1_PERIOD_2_PERIOD_1_PERIOD_2_RXN_p,0.0,133.23997741234933
[B]_1_PERIOD_2_PERIOD_1_PERIOD_2_RXN_p,0.0,75.72762883840515
[M]_LEU_mc,0.0,2.0
[B]_LEU_mc,0.0,2.0
[M]_RXN_9516_p,0.0,8.526512829121202e-14
[B]_RXN_9516_p,0.0,-1.9999999999999147
[M]_F16BDEPHOS_RXN_p,8.912826162069818,-2.0
[B]_F16BDEPHOS_RXN_p,2.81665921949181,-1.9999999999999432
[M]_sASP_biomass,-0.021616145535115126,2.0
[B]_sASP_biomass,0.0,2.0
[M]_HOMOCYSMETB12_RXN_c,0.02508676648633345,-2.0
[B]_HOMOCYSMETB12_RXN_c,0.0,0.0
[M]_Plastidial_ATP_Synthase_p,31.855331978883903,-1.9999999999998863
[B]_Plastidial_ATP_Synthase_p,3.8353653247877317,-2.0000000000001137
[M]_RXN_6384_x,1.0774847382100052e-15,-2.0
[B]_RXN_6384_x,-1.3468559227625064e-15,-1.999999999997141
[M]_1_PERIOD_2_PERIOD_1_PERIOD_2_RXN_m,0.0,129.65953604800671
[B]_1_PERIOD_2_PERIOD_1_PERIOD_2_RXN_m,0.0,95.7276288384054
[M]_NH3_pc,-3.4959268755956643,2.0
[B]_NH3_pc,5.90434569539294e-15,-2.0
[M]_ASPARTATE_SEMIALDEHYDE_DEHYDROGENASE_RXN_p,1.6702410033255788,-2.0000000000000426
[B]_ASPARTATE_SEMIALDEHYDE_DEHYDROGENASE_RXN_p,0.0,-1.9999999999999858
[M]_CPD_14927_pc,0.0,2.0
[B]_CPD_14927_pc,0.0,2.0
[M]_3_PERIOD_2_PERIOD_1_PERIOD_48_RXN_v,0.0,39.78591024210982
[B]_3_PERIOD_2_PERIOD_1_PERIOD_48_RXN_v,0.0,29.962061527021092
[M]_ATP_ADP_Pi_pc,0.0,-9.749935496440067
[B]_ATP_ADP_Pi_pc,0.0,-4.0325560131399385
[M]_NADH_KINASE_RXN_c,0.0,-2.0
[B]_NADH_KINASE_RXN_c,0.5737031646096968,-2.0
[M]_ACETYL_COA_CARBOXYLTRANSFER_RXN_p,1.2459989538671525,-2.000000000000064
[B]_ACETYL_COA_CARBOXYLTRANSFER_RXN_p,0.0,16.43886913873193
[M]_PHOSPHOGLUCMUT_RXN_p,-0.17020401092774703,2.0
[B]_PHOSPHOGLUCMUT_RXN_p,0.0,-0.6751353762974759
[M]_RXN_9549_p,0.17799985055245035,-1.9999999999999858
[B]_RXN_9549_p,0.0,-2.0000000000000284
[M]_2_METHYL_ACETO_ACETYL_COA_mc,0.0,2.0
[B]_2_METHYL_ACETO_ACETYL_COA_mc,0.0,-2.0
[M]_ISOCIT_CLEAV_RXN_x,0.015339804936116298,-2.0
[B]_ISOCIT_CLEAV_RXN_x,4.1470645987102024e-16,-1.9999999999999432
[M]_LEU_pc,0.0,2.0
[B]_LEU_pc,0.10369853002851304,-2.0
[M]_3_PERIOD_2_PERIOD_1_PERIOD_48_RXN_c,0.0,35.78591024210982
[B]_3_PERIOD_2_PERIOD_1_PERIOD_48_RXN_c,0.0,28.62872819368772
[M]_MAL_SUC_mc,0.0,-2.842170943040401e-14
[B]_MAL_SUC_mc,0.0,-1.9999999999999716
[M]_PEPDEPHOS_RXN_c,0.0,3.0624539915081925
[B]_PEPDEPHOS_RXN_c,0.0,-1.9792304185124294
[M]_PEPDEPHOS_RXN_p,0.0,12.812389487948295
[B]_PEPDEPHOS_RXN_p,0.0,-1.5466744053718884
[M]_LEU_PROTON_vc,0.0,-2.0
[B]_LEU_PROTON_vc,0.0,-2.0000000000000355
[M]_RXN_1781_v,0.0,-2.0
[B]_RXN_1781_v,0.0,-2.0
[M]_THREONINE_TRNA_LIGASE_RXN_c,0.0,-0.35766134309847075
[B]_THREONINE_TRNA_LIGASE_RXN_c,0.05960021573930263,-1.9999999999999432
[M]_3_HYDROXY_PROPIONATE_mc,0.0,2.0
[B]_3_HYDROXY_PROPIONATE_mc,0.0,2.0
[M]_2_METHYLACYL_COA_DEHYDROGENASE_RXN_m,6.938893903907228e-18,-2.0
[B]_2_METHYLACYL_COA_DEHYDROGENASE_RXN_m,0.0,-2.0
[M]_6PGLUCONOLACT_RXN_p,0.0,-1.9999999999999858
[B]_6PGLUCONOLACT_RXN_p,0.0,-2.0000000000000284
[M]_pLYS_biomass,-0.0591927312420085,2.0000000000001137
[B]_pLYS_biomass,0.0,2.0
[M]_THREO_DS_ISO_CITRATE_xc,-0.015339804936116566,2.0
[B]_THREO_DS_ISO_CITRATE_xc,-7.799247918039364e-17,2.0
[M]_CIT_PROTON_vc,0.0,0.0
[B]_CIT_PROTON_vc,0.0,-1.9999999999999893
[M]_6PGLUCONOLACT_RXN_c,0.0,-1.7751241100759216
[B]_6PGLUCONOLACT_RXN_c,0.0,-2.0
[M]_DSERDEAM_RXN_c,0.0,12.580312357225353
[B]_DSERDEAM_RXN_c,0.0,11.664249885780237
[M]_LYS_pc,0.0591927312420085,-2.0
[B]_LYS_pc,0.0,1.3147330660228818
[M]_CIT_xc,0.07621267011881243,-2.0
[B]_CIT_xc,7.605027718682322e-15,-2.0
[M]_ISOCITDEH_RXN_m,0.0,-2.0
[B]_ISOCITDEH_RXN_m,0.0,9.420099288060442
[M]_PHE_PROTON_rev_vc,0.0,2.0
[B]_PHE_PROTON_rev_vc,0.0,-0.6666666666665861
[M]_GLUTACONYL_COA_mc,0.0,2.0
[B]_GLUTACONYL_COA_mc,0.0,-2.0
[M]_ARG_PROTON_vc,0.0,2.0
[B]_ARG_PROTON_vc,0.0,-0.6666666666665861
[M]_RXN_7984_p,0.0,-2.0
[B]_RXN_7984_p,0.0,-2.000000000000001
[M]_NADPHoxm_tx,0.0,45.06632458147118
[B]_NADPHoxm_tx,0.0,1.3449461075797586
[M]_PALMITATE_xc,0.0,2.0
[B]_PALMITATE_xc,0.0,-2.0
[M]_NH3_mc,0.08106169173806776,-2.0
[B]_NH3_mc,4.3390492492314285,-2.0
[M]_PSERTRANSAM_RXN_p,0.0,1.9999999999999432
[B]_PSERTRANSAM_RXN_p,0.0,1.9999999999999716
[M]_BRANCHED_CHAINAMINOTRANSFERILEU_RXN_p,-0.038069858467370404,2.0
[B]_BRANCHED_CHAINAMINOTRANSFERILEU_RXN_p,0.0,2.000000000000057
[M]_FUM_pc,0.07559107257721052,-2.0
[B]_FUM_pc,0.0,-2.0
[M]_Ferredoxin_Plastoquinone_Reductase_p,0.0,7.951569043667689
[B]_Ferredoxin_Plastoquinone_Reductase_p,0.0,6.124239520782908
[M]_BRANCHED_CHAINAMINOTRANSFERILEU_RXN_m,6.938893903907228e-18,2.0000000000000284
[B]_BRANCHED_CHAINAMINOTRANSFERILEU_RXN_m,0.0,2.0
[M]_ISOCITDEH_RXN_x,2.693711845525013e-16,2.0
[B]_ISOCITDEH_RXN_x,-3.367139806906266e-16,2.0
[M]_Cellulose_biomass,-1.2095950050427104,2.0
[B]_Cellulose_biomass,0.0,-2525.27060489881
[M]_RXN_7679_p,0.0,-2.0
[B]_RXN_7679_p,0.0,-2.0
[M]_3PGAREARR_RXN_c,3.3953260894928805,-2.0
[B]_3PGAREARR_RXN_c,0.0,-1.6000000000000227
[M]_RXN_9658_p,0.17799985055245035,-1.9999999999999858
[B]_RXN_9658_p,0.0,-1.9999999999999858
[M]_RXN_1826_p,0.0,14.017987372834796
[B]_RXN_1826_p,0.0,-1.9999999999998863
[M]_PHOSPHOGLUCMUT_RXN_c,-1.2420845926162178,2.0
[B]_PHOSPHOGLUCMUT_RXN_c,-0.3274103342336505,2.0
[M]_CYS_TRNA_LIGASE_RXN_c,0.0,1233.9349248358942
[B]_CYS_TRNA_LIGASE_RXN_c,0.0,987.4742675193156
[M]_LCYSDESULF_RXN_c,-4.0149550728671995e-15,-2.0
[B]_LCYSDESULF_RXN_c,5.0186938410839994e-15,-2.0
[M]_FattyAcid_biomass,-0.17799985055245035,1.9999999999998863
[B]_FattyAcid_biomass,0.0,2.0000000000001137
[M]_ISOCITDEH_RXN_c,0.0,21.435920695707694
[B]_ISOCITDEH_RXN_c,0.461607437221387,-1.999999999999993
[M]_RXN_9514_p,0.1779998505524505,-2.0
[B]_RXN_9514_p,0.0,-1.9999999999999716
[M]_PEPCARBOXYKIN_RXN_c,0.0,21.767922869274912
[B]_PEPCARBOXYKIN_RXN_c,0.0,5.979230418512657
[M]_ARGSUCCINSYN_RXN_p,0.057407783991978385,-1.9999999999998295
[B]_ARGSUCCINSYN_RXN_p,0.0,2.6229652491784634
[M]_OAA_SO4_mc,0.0,-2.842170943040401e-14
[B]_OAA_SO4_mc,0.0,2.000000000000142
[M]_CO2_tx,20.000000000000043,-2.0
[B]_CO2_tx,0.0,-20.95471072466495
[M]_PREPHENATE_TRANSAMINE_RXN_p,0.054792652912646685,-2.000000000000057
[B]_PREPHENATE_TRANSAMINE_RXN_p,0.0,-2.0000000000001705
[M]_CELLULOSE_SYNTHASE_UDP_FORMING_RXN_c,0.0,-2.0000000000001137
[B]_CELLULOSE_SYNTHASE_UDP_FORMING_RXN_c,0.0,30.859832446151557
[M]_VAL_PROTON_rev_vc,0.0,-2.0
[B]_VAL_PROTON_rev_vc,0.0,-1.9999999999999787
[M]_Mg_biomass,-0.13387744681624056,2.0
[B]_Mg_biomass,0.0,2.0
[M]_PHOSPHORYL_CHOLINE_mc,0.0,2.0000000000000115
[B]_PHOSPHORYL_CHOLINE_mc,0.0,1.9999999999999942
[M]_RXN_9660_p,0.17799985055245035,-2.000000000000014
[B]_RXN_9660_p,0.0,-1.9999999999999858
[M]_DIHYDROPICRED_RXN_NADP_p,0.0591927312420085,-1.9999999999999858
[B]_DIHYDROPICRED_RXN_NADP_p,0.0,-1.9999999999997158
[M]_RXN_6884_m,0.0,-2.0
[B]_RXN_6884_m,0.0,-2.0
[M]_MALONYL_COA_ACP_TRANSACYL_RXN_p,0.1779998505524504,-2.0
[B]_MALONYL_COA_ACP_TRANSACYL_RXN_p,0.0,-2.842170943040401e-14
[M]_SUCROSE_PROTON_rev_vc,0.0,2.0
[B]_SUCROSE_PROTON_rev_vc,0.0,-2.0000000000000355
[M]_O2_mc,-1.4639965268536985,2.0
[B]_O2_mc,-1.9478463524841199,2.0
[M]_CIT_ISOCITRATE_mc,0.0,5.684341886080802e-14
[B]_CIT_ISOCITRATE_mc,0.0,0.0
[M]_LYSINE_TRNA_LIGASE_RXN_c,0.0,-0.3576613430986981
[B]_LYSINE_TRNA_LIGASE_RXN_c,0.07399091405251063,-2.0000000000001137
[M]_SULFATE_ADENYLYLTRANS_RXN_p,0.02508676648633817,-2.0
[B]_SULFATE_ADENYLYLTRANS_RXN_p,0.0,29.240938988052314
[M]_H_xc,0.15242534023762483,-2.0
[B]_H_xc,0.0,0.13968437327723393
[M]_NITRATE_REDUCTASE_NADH_RXN_c,1.7546159427817494,-2.0
[B]_NITRATE_REDUCTASE_NADH_RXN_c,0.0,-0.7229652491786851
[M]_CO2_xc,8.081135536575039e-16,-2.0
[B]_CO2_xc,-1.0101419420718798e-15,2.0
[M]_THR_PROTON_vc,0.0,-2.0
[B]_THR_PROTON_vc,0.0,-1.9999999999999787
[M]_L_CITRULLINE_pc,0.0,-2.0
[B]_L_CITRULLINE_pc,0.0,2.0
[M]_TIGLYLCOA_HYDROXY_RXN_m,6.938893903907228e-18,-2.0
[B]_TIGLYLCOA_HYDROXY_RXN_m,0.0,-2.0
[M]_Glycerate_xc,3.399803109800309,-2.0
[B]_Glycerate_xc,3.117329606731674e-15,-2.0
[M]_GLUTATHIONE_PEROXIDASE_RXN_p,0.0,-2.0000000000000107
[B]_GLUTATHIONE_PEROXIDASE_RXN_p,0.0,-1.9999999999999893
[M]_MEPROPCOA_FAD_RXN_m,0.0,-2.0
[B]_MEPROPCOA_FAD_RXN_m,0.0,-2.0
[M]_Mg_ec,0.0,-2.0
[B]_Mg_ec,0.1673468085203007,-2.0
[M]_MALIC_NADP_RXN_p,0.0,29.080441364343145
[B]_MALIC_NADP_RXN_p,1.3059160630363622,-2.0
[M]_DTMP_mc,0.0,2.0
[B]_DTMP_mc,0.0,-2.0
[M]_ASPARAGHYD_RXN_c,0.0,39.535845738549824
[B]_ASPARAGHYD_RXN_c,0.0,32.35500424144044
[M]_3_DEHYDROQUINATE_SYNTHASE_RXN_p,0.05479265291264691,-2.000000000000014
[B]_3_DEHYDROQUINATE_SYNTHASE_RXN_p,0.04772386647706088,-2.0000000000000107
[M]_L_ASPARTATE_pc,-1.745832075902789,2.0
[B]_L_ASPARTATE_pc,-0.24145553372019732,2.0
[M]_1_PERIOD_1_PERIOD_1_PERIOD_255_RXN_c,4.29320988576192,-1.9999999999999858
[B]_1_PERIOD_1_PERIOD_1_PERIOD_255_RXN_c,0.0,-0.8770347508212808
[M]_DHAP_3PGA_pc,4.320365752413917,-2.0
[B]_DHAP_3PGA_pc,-5.25818423827291,1.9999999999999716
[M]_MALIC_NADP_RXN_c,0.0,11.062453991508193
[B]_MALIC_NADP_RXN_c,0.0,-12.765045395640627
[M]_THF_pc,0.01818328858523214,-2.0
[B]_THF_pc,0.0,5.684341886080802e-14
[M]_MANNITOL_1_PHOSPHATASE_RXN_c,4.29320988576192,-2.0
[B]_MANNITOL_1_PHOSPHATASE_RXN_c,0.0,-0.8258312102967409
[M]_pARG_biomass,-0.057407783991978385,2.0
[B]_pARG_biomass,0.0,2.0
[M]_2_PERIOD_1_PERIOD_1_PERIOD_103_RXN_c,0.0,-1.9999999999999831
[B]_2_PERIOD_1_PERIOD_1_PERIOD_103_RXN_c,0.0,-1.1137791495071268
[M]_ANTHRANSYN_RXN_p,0.0,2.000000000000014
[B]_ANTHRANSYN_RXN_p,0.0,1.9999999999999858
[M]_GLY3KIN_RXN_p,3.399803109800312,-2.000000000000007
[B]_GLY3KIN_RXN_p,0.0,8.196585995730558
[M]_CPD_14927_xc,-2.693711845525013e-16,2.0
[B]_CPD_14927_xc,3.367139806906266e-16,2.0
[M]_FORMYLTHFDEFORMYL_RXN_p,0.0,-2.0
[B]_FORMYLTHFDEFORMYL_RXN_p,0.0,-1.7799007119394474
[M]_2_PERIOD_7_PERIOD_7_PERIOD_34_RXN_c,1.2095950050427104,-2.0000000000000284
[B]_2_PERIOD_7_PERIOD_7_PERIOD_34_RXN_c,0.0,-1.9999999999999716
[M]_CYS_PROTON_rev_vc,0.0,2.0
[B]_CYS_PROTON_rev_vc,0.0,-0.6666666666666998
[M]_SUCCINATE_DEHYDROGENASE_UBIQUINONE_RXN_mi,0.0,156.31724481746213
[B]_SUCCINATE_DEHYDROGENASE_UBIQUINONE_RXN_mi,0.0,127.52010096842952
[M]_PYRUVDEH_RXN_p,0.0,32.24989263237336
[B]_PYRUVDEH_RXN_p,0.1036985300285151,-1.9999999999999716
[M]_PYRUVDEH_RXN_m,0.0,8.499957135933187
[B]_PYRUVDEH_RXN_m,0.4616074372213794,-2.000000000000014
[M]_O2_pc,30.86408453576708,-2.0
[B]_O2_pc,-0.47516275255335166,2.0
[M]_DCDPKIN_RXN_p,0.0,-2.000000000000017
[B]_DCDPKIN_RXN_p,0.0,-2.0000000000000338
[M]_UDP_GLUCURONATE_DECARBOXYLASE_RXN_c,0.0,16.09709496730494
[B]_UDP_GLUCURONATE_DECARBOXYLASE_RXN_c,0.3274635667717355,-2.0
[M]_RXN0_5330_NAD_c,0.0,5.321507443129832
[B]_RXN0_5330_NAD_c,0.0,23.12004963708108
[M]_RXN0_2381_p,0.0,-1.9999999999999432
[B]_RXN0_2381_p,0.0,2.0
[M]_ORNITHINE_GLU_AMINOTRANSFORASE_RXN_m,0.0,-1.9999999999999716
[B]_ORNITHINE_GLU_AMINOTRANSFORASE_RXN_m,0.0,-2.000000000000057
[M]_GLYC3PDEHYDROGBIOSYN_RXN_c,0.08137136025254874,-2.000000000000014
[B]_GLYC3PDEHYDROGBIOSYN_RXN_c,0.0,0.8770347508213945
[M]_SHIKIMATE_KINASE_RXN_p,0.05479265291264691,-2.000000000000007
[B]_SHIKIMATE_KINASE_RXN_p,0.04772386647706088,-2.0000000000000355
[M]_ISOLEUCINE_TRNA_LIGASE_RXN_c,0.0,-0.3576613430986981
[B]_ISOLEUCINE_TRNA_LIGASE_RXN_c,0.047587323084213,-2.0
[M]_GLC_PROTON_rev_vc,0.0,2.0
[B]_GLC_PROTON_rev_vc,0.0,0.6666666666666714
[M]_METHYLACETOACETYLCOATHIOL_RXN_m,0.0,-2.0
[B]_METHYLACETOACETYLCOATHIOL_RXN_m,0.0,1.4643357798793204
[M]_2KG_SUC_mc,0.0,-1.6124165129284052
[B]_2KG_SUC_mc,0.0,-1.999999999999602
[M]_PHE_PROTON_vc,0.0,-2.0
[B]_PHE_PROTON_vc,0.0,-2.0000000000000355
[M]_HIS_PROTON_vc,0.0,-2.0
[B]_HIS_PROTON_vc,0.0,-2.0000000000000355
[M]_RXN_7678_NAD_p,0.0,1.9999999999999147
[B]_RXN_7678_NAD_p,0.0,-2.0
[M]_Pi_PROTON_mc,-8.35823422628209,2.0
[B]_Pi_PROTON_mc,-11.687078114904718,1.9999999999999645
[M]_2KG_ISOCITRATE_mc,0.0,0.38758348707148116
[B]_2KG_ISOCITRATE_mc,0.0,3.979039320256561e-13
[M]_GLUTACONYL_COA_xc,0.0,2.0
[B]_GLUTACONYL_COA_xc,0.0,2.0
[M]_pGLY_biomass,-0.047680172591442076,2.0
[B]_pGLY_biomass,0.0,2.0000000000000284
[M]_1_PERIOD_2_PERIOD_1_PERIOD_25_RXN_m,0.0,-2.0
[B]_1_PERIOD_2_PERIOD_1_PERIOD_25_RXN_m,0.0,-2.0
[M]_2_PERIOD_7_PERIOD_7_PERIOD_15_RXN_m,0.0,2.0000000000000213
[B]_2_PERIOD_7_PERIOD_7_PERIOD_15_RXN_m,0.0,2.0000000000000036
[M]_GLY_PROTON_vc,0.0,-2.0
[B]_GLY_PROTON_vc,0.0,-2.000000000000007
[M]_INORGPYROPHOSPHAT_RXN_x,0.07621267011881216,-1.9999999999999858
[B]_INORGPYROPHOSPHAT_RXN_x,7.94174169937295e-15,-2.0000000000000115
[M]_MALEYLACETOACETATE_ISOMERASE_RXN_c,0.0,-2.0
[B]_MALEYLACETOACETATE_ISOMERASE_RXN_c,0.0,-1.6000000000000227
[M]_PYRROLINECARBREDUCT_RXN_NAD_c,0.0,-1.9999999999999574
[B]_PYRROLINECARBREDUCT_RXN_NAD_c,0.0,-2.0
[M]_FORMATETHFLIG_RXN_p,0.0,17.367922869274928
[B]_FORMATETHFLIG_RXN_p,0.0,18.357402832659503
[M]_OAA_SUC_mc,0.0,-2.000000000000014
[B]_OAA_SUC_mc,0.0,2.8421709430404007e-13
[M]_OROPRIBTRANS_RXN_p,0.0,2537.1918588414123
[B]_OROPRIBTRANS_RXN_p,0.0,-2.0000000000000213
[M]_THF_mc,-0.04327005507156558,2.0
[B]_THF_mc,0.0,2.0
[M]_MALATE_DEH_RXN_c,-8.06563641660529,2.000000000000014
[B]_MALATE_DEH_RXN_c,0.0,1.4124567250792381
[M]_GLUC1PURIDYLTRANS_RXN_c,0.032489587573507464,-1.9999999999999716
[B]_GLUC1PURIDYLTRANS_RXN_c,0.3274103342336505,-1.9999999999999858
[M]_MYO_INOSITOL_OXYGENASE_RXN_c,0.0,-2.0
[B]_MYO_INOSITOL_OXYGENASE_RXN_c,0.0,5.820099288060646
[M]_2_PERIOD_7_PERIOD_7_PERIOD_14_RXN_m,0.0,-2.000000000000057
[B]_2_PERIOD_7_PERIOD_7_PERIOD_14_RXN_m,0.0,-2.0000000000000426
[M]_CYS_PROTON_vc,0.0,-2.0
[B]_CYS_PROTON_vc,0.0,-1.9999999999999787
[M]_TRP_pc,0.0,2.0
[B]_TRP_pc,0.0,2.0
[M]_HYDROXYMETHYLGLUTARYL_COA_LYASE_RXN_m,0.0,-1.9999999999999787
[B]_HYDROXYMETHYLGLUTARYL_COA_LYASE_RXN_m,0.0,-2.000000000000007
[M]_N_ACETYLGLUTPREDUCT_RXN_p,0.057407783991978385,-2.0
[B]_N_ACETYLGLUTPREDUCT_RXN_p,0.0,-2.0
[M]_ASPAMINOTRANS_RXN_m,0.0,14.025719142195953
[B]_ASPAMINOTRANS_RXN_m,0.0,-1.9999999999999432
[M]_CIT_ACONITATE_mc,0.0,-1.9999999999999716
[B]_CIT_ACONITATE_mc,0.0,-2.0
[M]_ASPAMINOTRANS_RXN_p,0.0,15.38807115156419
[B]_ASPAMINOTRANS_RXN_p,0.24145553372019732,-2.0
[M]_MALATE_DEH_RXN_p,1.209632376696688,-1.9999999999999716
[B]_MALATE_DEH_RXN_p,3.7168172343222152,-2.0
[M]_SEDOBISALDOL_RXN_p,7.445744905613206,-1.9999999999999432
[B]_SEDOBISALDOL_RXN_p,2.4415250187810997,-2.000000000000057
[M]_ARGSUCCINLYA_RXN_p,0.057407783991978385,-2.0000000000000435
[B]_ARGSUCCINLYA_RXN_p,0.0,-1.9999999999999964
[M]_1_PERIOD_8_PERIOD_4_PERIOD_9_RXN_p,0.025086766486338175,-2.0
[B]_1_PERIOD_8_PERIOD_4_PERIOD_9_RXN_p,0.0,-1.9999999999999858
[M]_UDPREDUCT_RXN_p,0.0,-2.000000000000007
[B]_UDPREDUCT_RXN_p,0.0,-2.000000000000001
[M]_ATP_ADP_mc,7.849809184939534,-1.999999999999993
[B]_ATP_ADP_mc,9.097811995228994,-2.0
[M]_MALATE_DEH_RXN_m,1.346719887430915,-2.0000000000000426
[B]_MALATE_DEH_RXN_m,-0.9049639814845742,2.0
[M]_ASPAMINOTRANS_RXN_x,0.0,11.638135655124358
[B]_ASPAMINOTRANS_RXN_x,0.0,2.0000000000001137
[M]_INORGPYROPHOSPHAT_RXN_c,0.09498502426594692,-2.0
[B]_INORGPYROPHOSPHAT_RXN_c,1.6626553785383822,-2.000000000000014
[M]_GLUTATHIONE_REDUCT_NADPH_RXN_m,0.0,-2.0
[B]_GLUTATHIONE_REDUCT_NADPH_RXN_m,0.0,-2.0
[M]_GLUTATHIONE_REDUCT_NADPH_RXN_p,0.02508676648633817,-2.0
[B]_GLUTATHIONE_REDUCT_NADPH_RXN_p,0.0,-2.0
[M]_GLYCEROL_3P_pc,0.0,2.0
[B]_GLYCEROL_3P_pc,0.0,2.0
[M]_GLYCEROL_3P_mc,0.0,2.0
[B]_GLYCEROL_3P_mc,0.0,2.0
[M]_INORGPYROPHOSPHAT_RXN_m,0.0,-1.999999999999993
[B]_INORGPYROPHOSPHAT_RXN_m,0.0,-1.9999999999999893
[M]_ASPAMINOTRANS_RXN_c,0.0,11.638135655124273
[B]_ASPAMINOTRANS_RXN_c,-2.591701349336458,2.0
[M]_INORGPYROPHOSPHAT_RXN_p,1.7381507094824642,-1.9999999999999858
[B]_INORGPYROPHOSPHAT_RXN_p,0.0,-1.9618528305536955
[M]_RXN_9518_p,0.17799985055245035,-2.000000000000014
[B]_RXN_9518_p,0.0,-2.0000000000000853
[M]_MALATE_DEH_RXN_x,3.399803109800306,-2.0
[B]_MALATE_DEH_RXN_x,6.821183394328567e-15,-1.9999999999987566
[M]_3_HYDROXY_PROPIONATE_xc,1.0774847382100052e-15,-2.0
[B]_3_HYDROXY_PROPIONATE_xc,-1.3468559227625064e-15,2.0
[M]_PGLUCISOM_RXN_c,0.0,2.0
[B]_PGLUCISOM_RXN_c,0.0,1.9999999999998863
[M]_DIHYDROFOLATEREDUCT_RXN_m,0.0,-2.0
[B]_DIHYDROFOLATEREDUCT_RXN_m,0.0,-2.0
[M]_GLC_ec,0.0,-2.000000000000057
[B]_GLC_ec,0.0,-1.9999999999999858
[M]_RXN_9520_p,0.17799985055245035,-2.0
[B]_RXN_9520_p,0.0,-1.9999999999999725
[M]_HEXOKINASE_RXN_MANNOSE_c,4.29320988576192,-2.000000000000014
[B]_HEXOKINASE_RXN_MANNOSE_c,0.0,4.095223398136582
[M]_PGLUCISOM_RXN_p,-1.4122886035439663,2.0
[B]_PGLUCISOM_RXN_p,-0.32741033423364885,2.0
[M]_O2_tx,-24.664950214737527,2.0
[B]_O2_tx,0.0,-0.3999999999999999
[M]_DUMP_pc,0.0,2.0
[B]_DUMP_pc,0.0,2.0
[M]_GLYCERATE_GLYCOLLATE_pc,3.399803109800312,-2.0
[B]_GLYCERATE_GLYCOLLATE_pc,0.0,2.000000000000007
[M]_RXN_9653_p,0.17799985055245035,-2.0000000000000426
[B]_RXN_9653_p,0.0,-2.000000000000057
[M]_AMP_pc,1.669017794214034e-14,2.0000000000000284
[B]_AMP_pc,-3.7425153348155225e-15,-2.0
[M]_SERINE_O_ACETTRAN_RXN_c,0.0,-2.0
[B]_SERINE_O_ACETTRAN_RXN_c,0.0,-2.0
[M]_GPH_RXN_p,5.593461020291758,-2.0
[B]_GPH_RXN_p,0.0,-2.0000000000000027
[M]_PYRUVATE_pc,0.0,0.0
[B]_PYRUVATE_pc,0.0,4.0
[M]_RXN_6902_m,0.0,-2.0
[B]_RXN_6902_m,0.0,-1.9999999999999858
[M]_ILE_pc,0.038069858467370404,-2.0
[B]_ILE_pc,0.0,-2.0
[M]_SUCROSE_PHOSPHATE_SYNTHASE_RXN_c,0.0,-2.000000000000057
[B]_SUCROSE_PHOSPHATE_SYNTHASE_RXN_c,0.04055875192879931,-2.000000000000014
[M]_SERINE_GLYOXYLATE_AMINOTRANSFERASE_RXN_x,3.399803109800309,-1.9999999999988063
[B]_SERINE_GLYOXYLATE_AMINOTRANSFERASE_RXN_x,3.117329606731674e-15,-2.0000000000000284
[M]_LYS_ORNITHINE_mc,0.0,-2.0
[B]_LYS_ORNITHINE_mc,0.0,-2.0
[M]_SERINE_O_ACETTRAN_RXN_p,0.02508676648633345,-2.0000000000000284
[B]_SERINE_O_ACETTRAN_RXN_p,5.90434569539294e-15,-2.0
[M]_pSER_biomass,-0.08414115976499104,2.0
[B]_pSER_biomass,0.0,2.000000000000057
[M]_ACETOLACTREDUCTOISOM_RXN_p,-1.3877787807814457e-17,-2.0000000000000426
[B]_ACETOLACTREDUCTOISOM_RXN_p,0.19373166724313645,-1.9999999999999716
[M]_4_PERIOD_2_PERIOD_1_PERIOD_59_RXN_p,0.17799985055245035,-2.0
[B]_4_PERIOD_2_PERIOD_1_PERIOD_59_RXN_p,0.0,-1.9999999999999725
[M]_DTMPKI_RXN_c,0.0,-2.0
[B]_DTMPKI_RXN_c,0.0,-2.0000000000000355
[M]_Mitochondrial_ATP_Synthase_m,2.786078075427363,-2.000000000000057
[B]_Mitochondrial_ATP_Synthase_m,3.8956927049682393,-2.000000000000057
[M]_Pi_tx,0.0,-0.7793271118529219
[B]_Pi_tx,0.10171420031572165,-2.0
[M]_X5P_Pi_pc,0.0,-1.4449751779846167
[B]_X5P_Pi_pc,0.0,-2.0000000000000107
[M]_RXN_7737_p,0.0591927312420085,-2.000000000000014
[B]_RXN_7737_p,0.0,-1.9999999999999147
[M]_Ca_biomass,-0.20312440206602017,2.0
[B]_Ca_biomass,0.0,2.0
[M]_SUPEROX_DISMUT_RXN_p,0.0,-2.0
[B]_SUPEROX_DISMUT_RXN_p,0.0,-2.0
[M]_RXN_1381_p,0.0,-2.000000000000057
[B]_RXN_1381_p,0.0,-2.000000000000014
[M]_Biomass_tx,0.0,4537.789107391249
[B]_Biomass_tx,0.0,3617.5212056598493
[M]_RXN_7800_p,0.0,-2.000000000000014
[B]_RXN_7800_p,0.10369853002851304,-2.0000000000000284
[M]_SUC_xc,0.015339804936116629,-2.0
[B]_SUC_xc,0.0,1.555763508180803
[M]_THREONINE_ALDOLASE_RXN_c,1.5002114745384145,-2.0
[B]_THREONINE_ALDOLASE_RXN_c,0.0,-2.0
[M]_SUPEROX_DISMUT_RXN_c,0.0,4.050248220151843
[B]_SUPEROX_DISMUT_RXN_c,0.0,-2.0
[M]_sSUCROSE_biomass,-0.03244700154303945,2.0
[B]_sSUCROSE_biomass,0.0,2.0
[M]_DIHYDROPICRED_RXN_NAD_p,0.0,1.9999999999999716
[B]_DIHYDROPICRED_RXN_NAD_p,0.0,-1.9999999999999858
[M]_ADENYL_KIN_RXN_c,0.0,0.0
[B]_ADENYL_KIN_RXN_c,0.0,0.0
[M]_GAPOXNPHOSPHN_RXN_c,5.5685214252169875,-1.9999999999999858
[B]_GAPOXNPHOSPHN_RXN_c,0.0,1.3799007119393423
[M]_RXN_9531_p,0.0,-2.842170943040401e-14
[B]_RXN_9531_p,0.0,-2.000000000000142
[M]_RXN_7979_p,0.0,34.107408208529364
[B]_RXN_7979_p,0.0,53.06501272432129
[M]_3_ISOPROPYLMALDEHYDROG_RXN_p,0.0,-1.9999999999999858
[B]_3_ISOPROPYLMALDEHYDROG_RXN_p,0.10369853002851304,-2.000000000000014
[M]_ILE_mc,-6.938893903907228e-18,2.0
[B]_ILE_mc,0.0,2.0
[M]_GLUTACONYL_COA_DECARBOXYLASE_RXN_x,0.0,-2.0
[B]_GLUTACONYL_COA_DECARBOXYLASE_RXN_x,0.0,-2.0
[M]_GLT_MAL_pc,4.804578546498976,-2.0
[B]_GLT_MAL_pc,0.0,0.0
[M]_ADENYL_KIN_RXN_p,1.5679466985547008,-1.9999999999999822
[B]_ADENYL_KIN_RXN_p,7.185941434629485e-15,2.0000000000000107
[M]_GLUTAMIDOTRANS_RXN_p,0.01818328858523214,-1.9999999999999858
[B]_GLUTAMIDOTRANS_RXN_p,0.0,-2.000000000000057
[M]_ADENYL_KIN_RXN_m,0.254212520671277,-1.999999999999993
[B]_ADENYL_KIN_RXN_m,1.2946330598378608,-1.9999999999999822
[M]_HYDROXYPYRUVATE_REDUCTASE_RXN_NAD_x,3.399803109800309,-2.0
[B]_HYDROXYPYRUVATE_REDUCTASE_RXN_NAD_x,3.117329606731674e-15,-1.999999999999993
[M]_RXN0_1483_c,0.0,-2.0
[B]_RXN0_1483_c,0.0,-2.0
[M]_RXN_5643_c,0.0,-2.0000000000000115
[B]_RXN_5643_c,0.0,-0.9027741851042945
[M]_SUCCINATE_DEHYDROGENASE_UBIQUINONE_RXN_mc,0.0,156.31724481746218
[B]_SUCCINATE_DEHYDROGENASE_UBIQUINONE_RXN_mc,0.0,141.0396047857256
[M]_GAPOXNPHOSPHN_RXN_p,0.0,-1.9999999999999716
[B]_GAPOXNPHOSPHN_RXN_p,-3.971938160856305,2.0
[M]_TRANSALDOL_RXN_p,0.0,-1.1368683772161603e-13
[B]_TRANSALDOL_RXN_p,0.0,0.0
[M]_MET_PROTON_vc,0.0,-2.0
[B]_MET_PROTON_vc,0.0,-2.0000000000000355
[M]_PROPIONYL_COA_xc,-2.6937118455250126e-16,2.0
[B]_PROPIONYL_COA_xc,3.367139806906266e-16,2.0
[M]_3_HYDROXBUTYRYL_COA_DEHYDRATASE_RXN_x,0.0,-2.0
[B]_3_HYDROXBUTYRYL_COA_DEHYDRATASE_RXN_x,0.0,-1.9999999999999973
[M]_THRESYN_RXN_p,1.5478916471298665,-2.0
[B]_THRESYN_RXN_p,-5.90434569539294e-15,-1.9999999999999707
[M]_CO2_ec,20.000000000000043,-2.0
[B]_CO2_ec,0.0,2.0
[M]_RXN_961_p,5.593461020291758,-1.9999999999999716
[B]_RXN_961_p,0.0,-1.9999999999999858
[M]_PHOSPHORYL_ETHANOLAMINE_mc,0.0,1.9999999999999885
[B]_PHOSPHORYL_ETHANOLAMINE_mc,0.0,1.99999999999992
[M]_GART_RXN_p,0.0,-1.9999999999999218
[B]_GART_RXN_p,0.0,-1.999999999999993
[M]_RXN_9662_p,0.17799985055245035,-1.9999999999999005
[B]_RXN_9662_p,0.0,-2.0000000000000995
[M]_2OXOGLUTARATEDEH_RXN_m,0.0,60.78635504253754
[B]_2OXOGLUTARATEDEH_RXN_m,0.0,-2.0
[M]_ILE_PROTON_vc,0.0,2.0
[B]_ILE_PROTON_vc,0.0,-0.6666666666665861
[M]_4_AMINO_BUTYRATE_PROTON_vc,0.0,-2.0
[B]_4_AMINO_BUTYRATE_PROTON_vc,0.0,-1.9999999999999787
[M]_HISTIDPHOS_RXN_p,0.01818328858523214,-2.000000000000014
[B]_HISTIDPHOS_RXN_p,0.0,-1.9999999999999813
[M]_2KG_CIT_mc,0.0,0.38758348707148116
[B]_2KG_CIT_mc,0.0,3.979039320256561e-13
[M]_Mg_tx,0.0,-5.0
[B]_Mg_tx,0.1673468085203007,-2.0
[M]_FRUCTOKINASE_RXN_c,0.0,18.891728718809162
[B]_FRUCTOKINASE_RXN_c,0.0,18.40860637318383
[M]_HIS_ORNITHINE_mc,0.0,-2.0
[B]_HIS_ORNITHINE_mc,0.0,-2.0
[M]_METHYLACYLYLCOA_HYDROXY_RXN_m,0.0,-2.0
[B]_METHYLACYLYLCOA_HYDROXY_RXN_m,0.0,-2.0
[M]_RXN_9651_p,0.17799985055245035,-2.0000000000000426
[B]_RXN_9651_p,0.0,-2.0000000000000284
[M]_RXN0_5260_m,0.0,7.32150744312986
[B]_RXN0_5260_m,0.0,22.243014886259687
[M]_L_ASPARTATE_GLU_mc,0.0,2.0
[B]_L_ASPARTATE_GLU_mc,0.0,-2.0
[M]_RXN_9540_p,0.17799985055245035,-2.0000000000000995
[B]_RXN_9540_p,0.0,-1.9999999999999716
[M]_SEDOHEPTULOSE_BISPHOSPHATASE_RXN_p,7.445744905613206,-2.000000000000014
[B]_SEDOHEPTULOSE_BISPHOSPHATASE_RXN_p,2.4415250187810997,-1.9999999999999813
[M]_GLYCINE_AMINOTRANSFERASE_RXN_x,2.208997715427563,-1.9999999999999716
[B]_GLYCINE_AMINOTRANSFERASE_RXN_x,0.0,0.5105085241000324
[M]_RXN0_5330_NAD_mc,0.0,11.321507443129946
[B]_RXN0_5330_NAD_mc,0.0,20.532506362160078
[M]_MAL_CIT_vc,0.0,2.0
[B]_MAL_CIT_vc,0.0,-0.4000000000000128
[M]_MAL_CIT_rev_vc,-5.21566267282263e-18,-2.0
[B]_MAL_CIT_rev_vc,0.0,-0.6666666666666501
[M]_SO4_ec,0.0,-2.0
[B]_SO4_ec,0.03135845810792271,-1.9999999999999716
[M]_GLYCINE_TRNA_LIGASE_RXN_c,0.0,-0.3576613430986413
[B]_GLYCINE_TRNA_LIGASE_RXN_c,0.05960021573930259,-1.9999999999999716
[M]_Pi_xc,0.15242534023762433,-2.0000000000000036
[B]_Pi_xc,2.2524952534011212e-15,1.999999999999993
[M]_GLYOHMETRANS_RXN_c,0.0,-2.842170943040401e-14
[B]_GLYOHMETRANS_RXN_c,0.0,1.9999999999999716
[M]_GLYOHMETRANS_RXN_m,-0.03779163666650218,1.9999999999999858
[B]_GLYOHMETRANS_RXN_m,-4.3390492492314285,1.9999999999999716
[M]_RXN0_5184_c,0.0,-2.000000000000014
[B]_RXN0_5184_c,0.0,-0.6679404271635772
[M]_RXN0_5330_NAD_mi,0.0,11.321507443129889
[B]_RXN0_5330_NAD_mi,0.0,7.013002544863994
[M]_RXN_11213_m,0.0,189.7374105728508
[B]_RXN_11213_m,0.0,156.72253989627512
[M]_GLYOHMETRANS_RXN_p,0.0,1.9999999999999716
[B]_GLYOHMETRANS_RXN_p,5.90434569539294e-15,-1.9999999999999725
[M]_pLEU_biomass,-0.08295882402281043,2.0
[B]_pLEU_biomass,0.0,2.0
[M]_UGD_RXN_c,0.032489587573507464,-2.0
[B]_UGD_RXN_c,0.2868515823048512,-2.0
[M]_HISTAMINOTRANS_RXN_p,0.01818328858523214,-1.9999999999999432
[B]_HISTAMINOTRANS_RXN_p,0.0,-2.000000000000057
[M]_HIS_pc,0.01818328858523214,-2.0
[B]_HIS_pc,0.0,-2.0
[M]_CA2_rev_vc,0.20312440206602017,-2.0
[B]_CA2_rev_vc,0.0,-2.0
[M]_O2_xc,-2.796730510145879,2.0
[B]_O2_xc,0.0,1.5971265990289236
[M]_GLUTDECARBOX_RXN_c,0.0,18.46851251590715
[B]_GLUTDECARBOX_RXN_c,0.027802575560842903,-1.9999999999999716
[M]_RXN_5641_c,0.0,22.46851251590715
[B]_RXN_5641_c,0.0,-2.0000000000000284
[M]_CARBAMATE_KINASE_RXN_p,0.057407783991978385,-2.0
[B]_CARBAMATE_KINASE_RXN_p,0.0,37.12546551009848
[M]_TRP_PROTON_rev_vc,0.0,2.0
[B]_TRP_PROTON_rev_vc,0.0,-0.6666666666665861
[M]_Glycolate_xc,-5.593461020291756,2.0
[B]_Glycolate_xc,-2.702623146860654e-15,2.0
[M]_THR_pc,1.5478916471298665,-2.0
[B]_THR_pc,-5.90434569539294e-15,-2.0
[M]_DTDPKIN_RXN_c,0.0,-2.0
[B]_DTDPKIN_RXN_c,0.0,-1.9999999999999716
[M]_AIRCARBOXY_RXN_p,0.0,-1.9999999999999964
[B]_AIRCARBOXY_RXN_p,0.0,-1.9999999999999822
[M]_PLASTOQUINOL_PLASTOCYANIN_REDUCTASE_RXN_p,74.32910795072911,-2.0
[B]_PLASTOQUINOL_PLASTOCYANIN_REDUCTASE_RXN_p,6.711889318378531,-1.9999999999999716
[M]_HISTPRATPHYD_RXN_p,0.01818328858523214,-2.000000000000014
[B]_HISTPRATPHYD_RXN_p,0.0,-2.0
[M]_MET_pc,0.0,2.0
[B]_MET_pc,5.90434569539294e-15,2.0
[M]_RXN_9524_p,0.17799985055245035,-1.9999999999999858
[B]_RXN_9524_p,0.0,-1.9999999999999716
[M]_OAA_MAL_mc,1.346719887430915,-2.0
[B]_OAA_MAL_mc,-0.9049639814845742,2.000000000000128
[M]_GCVMULTI_RXN_m,0.08106169173806776,-2.000000000000057
[B]_GCVMULTI_RXN_m,4.3390492492314285,-2.000000000000007
[M]_Xylan_biomass,-0.2619708534173884,2.0
[B]_Xylan_biomass,0.0,2.0
[M]_ALANINE_TRNA_LIGASE_RXN_c,0.0,-0.3576613430986981
[B]_ALANINE_TRNA_LIGASE_RXN_c,0.13160084728698337,-2.0
[M]_ACETYLORNTRANSAM_RXN_p,0.057407783991978385,-2.0
[B]_ACETYLORNTRANSAM_RXN_p,0.0,-2.0
[M]_ASNSYNA_RXN_c,2.2627581526537706e-17,-2.0
[B]_ASNSYNA_RXN_c,0.0704677694094426,-2.000000000000142
[M]_CONIFERIN_BETA_GLUCOSIDASE_RXN_c,0.0,38.574790557689425
[B]_CONIFERIN_BETA_GLUCOSIDASE_RXN_c,0.0,30.859832446151586
[M]_RXN_9657_p,0.17799985055245035,-2.0
[B]_RXN_9657_p,0.0,-2.0000000000000426
[M]_pTRP_biomass,0.0,2.0
[B]_pTRP_biomass,0.0,2.0
[M]_RXN_8001_p,0.01818328858523214,-2.000000000000057
[B]_RXN_8001_p,0.0,-1.9999999999999432
[M]_CIT_PROTON_rev_vc,0.0,0.0
[B]_CIT_PROTON_rev_vc,0.0,-2.0
[M]_2TRANSKETO_RXN_p,-7.500537558525853,2.000000000000057
[B]_2TRANSKETO_RXN_p,-2.4892488852581605,1.9999999999999432
[M]_PHENYLALANINE_TRNA_LIGASE_RXN_c,0.0,-0.35766134309847075
[B]_PHENYLALANINE_TRNA_LIGASE_RXN_c,0.06849081614080836,-2.0
[M]_SUC_ISOCITRATE_mc,0.0,1.9999999999999147
[B]_SUC_ISOCITRATE_mc,0.0,2.0
[M]_pPHE_biomass,-0.054792652912646685,1.9999999999998863
[B]_pPHE_biomass,0.0,1.9999999999998863
[M]_PRO_PROTON_rev_vc,0.0,-2.0
[B]_PRO_PROTON_rev_vc,0.0,-1.9999999999999787
[M]_2_KETO_ADIPATE_DEHYDROG_RXN_m,0.0,-2.0
[B]_2_KETO_ADIPATE_DEHYDROG_RXN_m,0.0,-1.9999999999999787
[M]_MAL_SO4_mc,0.0,1.9999999999999716
[B]_MAL_SO4_mc,0.0,5.684341886080802e-14
[M]_GLUCURONOKINASE_RXN_c,0.0,-2.000000000000014
[B]_GLUCURONOKINASE_RXN_c,0.0,-0.3708063882816077
[M]_GLUTAMATE_SYNTHASE_FERREDOXIN_RXN_p,5.089632645690191,-2.0000000000000853
[B]_GLUTAMATE_SYNTHASE_FERREDOXIN_RXN_p,0.0,-1.9104569212512956
[M]_L_ASPARTATE_PROTON_rev_vc,0.0,2.0
[B]_L_ASPARTATE_PROTON_rev_vc,0.0,-0.666666666666643
[M]_Phloem_output_tx,0.0,1644.2286310709542
[B]_Phloem_output_tx,0.0,1314.686935976454
[M]_HMBPP_synthesis_p,0.0,171.0457194159713
[B]_HMBPP_synthesis_p,0.0,162.07314985062612
[M]_TYROSINE_TRNA_LIGASE_RXN_c,0.0,2.7227800212447164
[B]_TYROSINE_TRNA_LIGASE_RXN_c,0.047723866477060874,-1.9999999999998863
[M]_NITRATE_PROTON_rev_vc,0.0,4.0
[B]_NITRATE_PROTON_rev_vc,0.0,2.6666666666666714
[M]_SUC_Pi_mc,0.0,2.0
[B]_SUC_Pi_mc,0.0,-2.8421709430404007e-13
[M]_Protein_Processing_c,0.9793322323427313,-1.9999999999999947
[B]_Protein_Processing_c,0.0,-0.011271869458155948
[M]_PSII_RXN_p,37.164553975364555,-2.000000000000057
[B]_PSII_RXN_p,0.0,-26.443815120406157
[M]_NH4_ec,0.0,-2.0
[B]_NH4_ec,0.0,-2.0
[M]_HIS_PROTON_rev_vc,0.0,2.0
[B]_HIS_PROTON_rev_vc,0.0,-0.6666666666665861
[M]_MAL_xc,-3.399803109800306,2.0
[B]_MAL_xc,-6.821183394328567e-15,2.0
[M]_RXN_9535_p,0.0,-1.4210854715202004e-13
[B]_RXN_9535_p,0.0,-2.000000000000014
[M]_GLN_PROTON_rev_vc,0.0,2.0
[B]_GLN_PROTON_rev_vc,0.0,-0.6666666666665861
[M]_ISPH2_RXN_p,0.0,-1.9999999999999716
[B]_ISPH2_RXN_p,0.0,-2.0
[M]_OAA_MAL_pc,0.0,0.2500645035600826
[B]_OAA_MAL_pc,3.9582727680424123,-2.0
[M]_GLUTSEMIALDEHYDROG_RXN_c,0.0,2.041093103768276
[B]_GLUTSEMIALDEHYDROG_RXN_c,0.0,8.293172347196986
[M]_A_B_oxidation_x,2.693711845525013e-16,-1.9999999999995453
[B]_A_B_oxidation_x,-3.367139806906266e-16,-1.999999999999865
[M]_THIOREDOXIN_REDUCT_NADPH_RXN_p,0.0,-2.0
[B]_THIOREDOXIN_REDUCT_NADPH_RXN_p,0.0,-2.0
[M]_RXN_9104_c,0.0,-2.0
[B]_RXN_9104_c,0.3274635667717355,-2.0
[M]_SHIKIMATE_5_DEHYDROGENASE_RXN_p,0.05479265291264691,-2.0
[B]_SHIKIMATE_5_DEHYDROGENASE_RXN_p,0.04772386647706088,-1.9999999999999716
[M]_ACET_xc,-0.07621267011881162,2.0
[B]_ACET_xc,-8.615169660754202e-15,2.0
[M]_K_ec,0.0,-2.0
[B]_K_ec,0.519352164373347,-2.0
[M]_RXN_7674_p,0.0,-1.9999999999999858
[B]_RXN_7674_p,0.0,-1.999999999999993
[M]_CTPSYN_RXN_p,0.0,-1.9999999999999147
[B]_CTPSYN_RXN_p,0.0,-2.0000000000000284
[M]_FRU_vc,0.0,-2.0
[B]_FRU_vc,0.0,-2.0
[M]_RXN_9655_p,0.17799985055245035,-2.0
[B]_RXN_9655_p,0.0,-1.9999999999999725
[M]_4_PERIOD_2_PERIOD_1_PERIOD_58_RXN_p,0.17799985055245035,-2.0
[B]_4_PERIOD_2_PERIOD_1_PERIOD_58_RXN_p,0.0,2.0000000000000275
[M]_1_PERIOD_18_PERIOD_1_PERIOD_2_RXN_p,63.900367177234656,-1.9999999999999858
[B]_1_PERIOD_18_PERIOD_1_PERIOD_2_RXN_p,0.0,-2.0
[M]_PRO_mc,0.0,-2.0
[B]_PRO_mc,0.0,2.0
[M]_CYSTEINE_AMINOTRANSFERASE_RXN_m,0.0,2.0
[B]_CYSTEINE_AMINOTRANSFERASE_RXN_m,0.0,1.9999999999999716
[M]_GLUCOKIN_RXN_c,0.0,5.749935496439974
[B]_GLUCOKIN_RXN_c,0.0,7.49517179528857
[M]_GLT_PROTON_rev_vc,0.0,2.0
[B]_GLT_PROTON_rev_vc,0.0,-0.6666666666666998
[M]_PRPPSYN_RXN_p,0.01818328858523214,-1.9999999999999787
[B]_PRPPSYN_RXN_p,0.0,-2.0000000000000924
[M]_VALINE_TRNA_LIGASE_RXN_c,0.0,-0.35766134309847075
[B]_VALINE_TRNA_LIGASE_RXN_c,0.0900331372146234,-1.9999999999999432
[M]_GLUTAMINESYN_RXN_c,0.0,5.749935496439861
[B]_GLUTAMINESYN_RXN_c,0.0,4.563112222452325
[M]_GLUTAMINESYN_RXN_m,0.0,-1.999999999999993
[B]_GLUTAMINESYN_RXN_m,0.0,-1.9999999999999218
[M]_1_PERIOD_5_PERIOD_1_PERIOD_20_RXN_c,0.025086766486333446,-2.0
[B]_1_PERIOD_5_PERIOD_1_PERIOD_20_RXN_c,5.90434569539294e-15,-2.0000000000003553
[M]_GLUTAMINESYN_RXN_p,5.256291659339139,-2.000000000000007
[B]_GLUTAMINESYN_RXN_p,0.0,-1.4694437906875493
[M]_HOMO_CYS_pc,0.02508676648633345,-2.0
[B]_HOMO_CYS_pc,0.0,-2.0
[M]_GLUCOKIN_RXN_p,0.0,-2.000000000000007
[B]_GLUCOKIN_RXN_p,0.0,9.46261578214903
[M]_PALMITATE_pc,0.17799985055245035,-2.0
[B]_PALMITATE_pc,0.0,2.0
[M]_DUMP_mc,0.0,2.0
[B]_DUMP_mc,0.0,2.0
[M]_GUANYL_KIN_RXN_p,2.168404344971009e-18,-2.0000000000000284
[B]_GUANYL_KIN_RXN_p,0.0,-2.0
[M]_RXN_12002_p,0.0,-2.000000000000032
[B]_RXN_12002_p,0.0,-2.0000000000000036
[M]_PEP_Pi_pc,0.0,-1.9999999999999432
[B]_PEP_Pi_pc,0.0,2.4000000000006096
[M]_RXN_5781_r,0.0,-1.9999999999999858
[B]_RXN_5781_r,0.0,-2.0
[M]_BRANCHED_CHAINAMINOTRANSFERLEU_RXN_m,0.0,2.0000000000000284
[B]_BRANCHED_CHAINAMINOTRANSFERLEU_RXN_m,0.0,2.0
[M]_BRANCHED_CHAINAMINOTRANSFERLEU_RXN_p,0.0,2.0
[B]_BRANCHED_CHAINAMINOTRANSFERLEU_RXN_p,-0.10369853002851304,2.000000000000057
[M]_PROTON_ATPase_c,0.0,-2.0
[B]_PROTON_ATPase_c,5.305109996598653,-2.0
[M]_DIHYDROXYISOVALDEHYDRAT_RXN_p,0.0,-1.6434163325284317
[B]_DIHYDROXYISOVALDEHYDRAT_RXN_p,0.19373166724313645,-1.9999999999999725
[M]_CO2_mc,0.08106169173806776,-2.0
[B]_CO2_mc,4.8006566864528075,-2.0
[M]_MDA_Fd_Ascorbate_p,0.0,-2.0
[B]_MDA_Fd_Ascorbate_p,0.0,-2.0
[M]_Palmitate_biomass,0.0,2.0
[B]_Palmitate_biomass,0.0,2.0
[M]_CHORISMATEMUT_RXN_p,0.05479265291264691,-2.0
[B]_CHORISMATEMUT_RXN_p,0.04772386647706088,-2.0
[M]_SUC_FUM_mc,0.0,-2.0
[B]_SUC_FUM_mc,0.0,-2.000000000000014
[M]_GLT_PROTON_vc,0.0,-2.0
[B]_GLT_PROTON_vc,0.0,-1.9999999999999787
[M]_GUANYL_KIN_RXN_c,0.0,-2.000000000000007
[B]_GUANYL_KIN_RXN_c,0.0,393.98089157118477
[M]_PRAISOM_RXN_p,0.0,-2.0
[B]_PRAISOM_RXN_p,0.0,-2.0
[M]_MercaptoPyruvateSulfurtransferase_m,0.0,-1.9999999999999787
[B]_MercaptoPyruvateSulfurtransferase_m,0.0,-2.000000000000007
[M]_RXN_9533_p,0.17799985055245035,-2.0
[B]_RXN_9533_p,0.0,-1.9999999999999725
[M]_sSER_biomass,0.0,2.0
[B]_sSER_biomass,0.0,2.0
[M]_GLUTAMATE_DEHYDROGENASE_RXN_m,0.0,-1.9500374785793042
[B]_GLUTAMATE_DEHYDROGENASE_RXN_m,0.0,23.524846819519553
[M]_ARG_HIS_mc,0.0,0.0
[B]_ARG_HIS_mc,0.0,0.0
[M]_SUCROSE_PHOSPHATASE_RXN_c,0.0,2.8761941504658353
[B]_SUCROSE_PHOSPHATASE_RXN_c,0.04055875192879931,-2.0
[M]_ARG_pc,0.057407783991978385,-2.0000000000000844
[B]_ARG_pc,0.0,1.9999999999999822
[M]_PREPHENATEDEHYDROG_RXN_p,1.2693098604708458e-17,-2.0
[B]_PREPHENATEDEHYDROG_RXN_p,0.04772386647706088,-1.9999999999999858
[M]_AIRS_RXN_p,0.0,-2.0
[B]_AIRS_RXN_p,0.0,-2.0000000000000213
[M]_GLUTAMATE_SYNTHASE_NADH_RXN_p,0.0,3.999999999999744
[B]_GLUTAMATE_SYNTHASE_NADH_RXN_p,0.0,0.08954307874844858
[M]_RXN_9528_p,0.17799985055245035,-1.9999999999999858
[B]_RXN_9528_p,0.0,-1.9999999999999716
[M]_BRANCHED_CHAINAMINOTRANSFERVAL_RXN_m,0.0,1.9999999999999716
[B]_BRANCHED_CHAINAMINOTRANSFERVAL_RXN_m,0.0,2.0
[M]_OROTATE_REDUCTASE_NADH_RXN_p,0.0,-2.0000000000000284
[B]_OROTATE_REDUCTASE_NADH_RXN_p,0.0,-2.000000000000014
[M]_RXN_7676_p,0.0,-2.000000000000014
[B]_RXN_7676_p,0.0,-1.9999999999999858
[M]_ARG_PROTON_rev_vc,0.0,-2.0
[B]_ARG_PROTON_rev_vc,0.0,-2.0000000000000355
[M]_RXN0_5114_p,0.0,6.268051876394537
[B]_RXN0_5114_p,0.0,4.458868635950049
[M]_ILE_PROTON_rev_vc,0.0,-2.0
[B]_ILE_PROTON_rev_vc,0.0,-2.0000000000000355
[M]_GLC_vc,0.0,-2.0
[B]_GLC_vc,0.0,-2.0
[M]_TYR_PROTON_rev_vc,0.0,-2.0
[B]_TYR_PROTON_rev_vc,0.0,-2.0000000000000355
[M]_ASPCARBTRANS_RXN_p,0.0,-2.0
[B]_ASPCARBTRANS_RXN_p,0.0,-1.9999999999999858
[M]_DIHYDRODIPICSYN_RXN_p,0.0591927312420085,-1.9999999999999858
[B]_DIHYDRODIPICSYN_RXN_p,0.0,-1.9999999999999858
[M]_K_rev_vc,0.4154817314986776,-2.0
[B]_K_rev_vc,0.0,-2.0
[M]_VAL_mc,0.0,2.0
[B]_VAL_mc,0.0,2.0
[M]_Plastoquinol_Oxidase_p,0.0,12.204270121193986
[B]_Plastoquinol_Oxidase_p,0.0,34.81653368275547
[M]_10_FORMYL_THF_pc,-0.01818328858523214,2.0
[B]_10_FORMYL_THF_pc,0.0,2.0
[M]_IMIDPHOSDEHYD_RXN_p,0.01818328858523214,-2.0
[B]_IMIDPHOSDEHYD_RXN_p,0.0,-1.9999999999999725
[M]_1_PERIOD_1_PERIOD_1_PERIOD_39_RXN_m,0.0,21.500000000000625
[B]_1_PERIOD_1_PERIOD_1_PERIOD_39_RXN_m,0.0,10.000000000000199
[M]_MAL_PROTON_vc,5.21566267282263e-18,-2.0
[B]_MAL_PROTON_vc,0.0,-1.9999999999999822
[M]_RXN_6383_x,-1.0774847382100052e-15,2.0
[B]_RXN_6383_x,1.3468559227625064e-15,2.0000000000000115
[M]_pVAL_biomass,-0.07202650977169872,2.0
[B]_pVAL_biomass,0.0,2.0
[M]_RXN_9648_p,0.17799985055245035,-1.9999999999999858
[B]_RXN_9648_p,0.0,-1.9999999999999716
[M]_6PGLUCONDEHYDROG_RXN_p,0.0,107.48830641713577
[B]_6PGLUCONDEHYDROG_RXN_p,0.0,54.0348383227398
[M]_METHIONINE_TRNA_LIGASE_RXN_c,0.0,-0.3576613430986981
[B]_METHIONINE_TRNA_LIGASE_RXN_c,0.03135845810792272,-1.9999999999998863
[M]_FORMATE_mc,0.0,2.0
[B]_FORMATE_mc,0.0,2.0
[M]_GDPKIN_RXN_m,0.0,1.9999999999999858
[B]_GDPKIN_RXN_m,0.0,2.0
[M]_MAL_ACONITATE_mc,0.0,-1.1368683772161603e-13
[B]_MAL_ACONITATE_mc,0.0,-1.9999999999999716
[M]_H2O_ec,0.0,2.0
[B]_H2O_ec,21.442453337834465,-2.0
[M]_ARG_CITRULLINE_mc,0.0,0.0
[B]_ARG_CITRULLINE_mc,0.0,0.0
[M]_GDPKIN_RXN_p,0.018183288585232143,-2.000000000000007
[B]_GDPKIN_RXN_p,0.0,-1.999999999999993
[M]_RXN_7678_NADP_p,0.0,-2.0
[B]_RXN_7678_NADP_p,0.0,-1.9999999999997442
[M]_L_ASPARTATE_PROTON_vc,0.0,-2.0
[B]_L_ASPARTATE_PROTON_vc,0.0,-2.000000000000007
[M]_METHENYLTHFCYCLOHYDRO_RXN_c,0.0,1.0502482201518717
[B]_METHENYLTHFCYCLOHYDRO_RXN_c,0.022729110731540172,-2.0
[M]_RXN_3523_p,0.0,0.0
[B]_RXN_3523_p,0.0,0.0
[M]_pALA_biomass,-0.10528067782958664,2.0
[B]_pALA_biomass,0.0,2.0
[M]_TYR_pc,2.220446049250313e-16,-2.0
[B]_TYR_pc,0.047723866477060874,-2.0
[M]_BRANCHED_CHAINAMINOTRANSFERVAL_RXN_p,1.3877787807814457e-17,1.9999999999999432
[B]_BRANCHED_CHAINAMINOTRANSFERVAL_RXN_p,-0.09003313721462342,1.9999999999998295
[M]_G6P_Pi_pc,1.2420845926162194,-2.000000000000014
[B]_G6P_Pi_pc,0.32741033423364885,-2.0000000000001243
[M]_ACET_mc,1.5002114745384145,-2.0
[B]_ACET_mc,0.0,-2.0
[M]_2KG_MAL_mc,0.0,-1.6124165129283483
[B]_2KG_MAL_mc,0.0,3.410605131648481e-13
[M]_TYROSINE_AMINOTRANSFERASE_RXN_p,2.220446049250313e-16,-1.9999999999999432
[B]_TYROSINE_AMINOTRANSFERASE_RXN_p,0.04772386647706089,-2.000000000000057
[M]_RXN_9539_p,0.0,-1.4210854715202004e-13
[B]_RXN_9539_p,0.0,-2.000000000000014
[M]_VAL_pc,-1.3877787807814457e-17,-2.0
[B]_VAL_pc,0.09003313721462342,-2.0
[M]_HOMOSERKIN_RXN_p,1.6110482720835704,-2.000000000000007
[B]_HOMOSERKIN_RXN_p,0.0,-1.9999999999999787
[M]_GLN_GLU_pc,0.14847572506371617,-2.0
[B]_GLN_GLU_pc,0.0,2.0
[M]_6PGLUCONDEHYDROG_RXN_c,0.0,72.64969515038251
[B]_6PGLUCONDEHYDROG_RXN_c,0.0,36.504747531458875
[M]_NADPHoxc_tx,0.0,17.017987372834995
[B]_NADPHoxc_tx,0.0,7.765045395640577
[M]_1_PERIOD_2_PERIOD_1_PERIOD_9_RXN_c,3.4467781157118207,-2.0
[B]_1_PERIOD_2_PERIOD_1_PERIOD_9_RXN_c,0.0,-0.6200992880607146
[M]_ATPPHOSPHORIBOSYLTRANS_RXN_p,0.01818328858523214,-2.0000000000000355
[B]_ATPPHOSPHORIBOSYLTRANS_RXN_p,0.0,-2.000000000000057
[M]_RXN_969_x,5.593461020291756,-2.0
[B]_RXN_969_x,2.702623146860654e-15,-2.0
[M]_ACETOLACTSYN_RXN_p,-1.3877787807814457e-17,-2.000000000000014
[B]_ACETOLACTSYN_RXN_p,0.19373166724313645,-2.0
[M]_RXN1F_66_p,0.0,2.000000000000014
[B]_RXN1F_66_p,0.0,2.000000000000007
[M]_RXN490_3650_p,148.65821590145822,-2.0
[B]_RXN490_3650_p,13.423778636757062,-1.9999999999999432
[M]_pTYR_biomass,-0.03817909318164892,2.0
[B]_pTYR_biomass,0.0,2.0
[M]_AMP_ATP_xc,0.07621267011881216,-2.0
[B]_AMP_ATP_xc,7.94174169937295e-15,-2.0
[M]_PEPCARBOX_RXN_c,3.3953260894928805,-2.0
[B]_PEPCARBOX_RXN_c,0.0,6.198271702207393
[M]_ACET_pc,-1.423998804419603,2.0
[B]_ACET_pc,2.460919595578978e-15,2.0
[M]_MG2_rev_vc,0.13387744681624056,-2.0
[B]_MG2_rev_vc,0.0,-2.0
[M]_PHOSPHORIBULOKINASE_RXN_p,22.373844081167032,-2.000000000000121
[B]_PHOSPHORIBULOKINASE_RXN_p,7.37229892282036,-2.0000000000000355
[M]_2KG_MAL_pc,-4.8619863304909545,1.9999999999999858
[B]_2KG_MAL_pc,0.0,-2.0
[M]_GLY_xc,5.608800825227872,-2.0
[B]_GLY_xc,3.117329606731674e-15,-2.0
[M]_PHE_pc,0.054792652912646685,-2.0
[B]_PHE_pc,0.0,2.0
[M]_SUC_CIT_mc,0.0,1.999999999999858
[B]_SUC_CIT_mc,0.0,2.0
[M]_2PGADEHYDRAT_RXN_p,0.10958530582529305,-2.0
[B]_2PGADEHYDRAT_RXN_p,0.09544773295412176,-2.0000000000000293
[M]_GDPKIN_RXN_c,3.168259469728173,-2.000000000000014
[B]_GDPKIN_RXN_c,0.0,-0.6368361746998517
[M]_RXN_9659_p,0.17799985055245035,-2.000000000000014
[B]_RXN_9659_p,0.0,-1.9999999999999858
[M]_RXN_1827_p,0.0,46.05396211850439
[B]_RXN_1827_p,0.0,-2.0000000000000275
[M]_CITSYN_RXN_x,0.07621267011881243,-2.0
[B]_CITSYN_RXN_x,7.605027718682322e-15,-2.00000000000004
[M]_PRO_TRNA_LIGASE_RXN_c,0.0,1160.3604724394418
[B]_PRO_TRNA_LIGASE_RXN_c,0.0,928.6147056021537
[M]_H2O_mc,9.732884363848454,-2.0
[B]_H2O_mc,10.782114133420151,-2.0
[M]_2PGADEHYDRAT_RXN_c,3.3953260894928805,-2.0
[B]_2PGADEHYDRAT_RXN_c,0.0,6.252776074688882e-13
[M]_FORMATE_pc,0.0,2.0
[B]_FORMATE_pc,0.0,-2.0
[M]_1_PERIOD_5_PERIOD_1_PERIOD_9_RXN_c,0.0,0.5962934385264873
[B]_1_PERIOD_5_PERIOD_1_PERIOD_9_RXN_c,0.0,-2.0
[M]_PRTRANS_RXN_p,0.0,1.9999999999999858
[B]_PRTRANS_RXN_p,0.0,2.000000000000078
[M]_DAHPSYN_RXN_p,0.05479265291264691,-2.000000000000014
[B]_DAHPSYN_RXN_p,0.04772386647706088,-2.000000000000038
[M]_CYSPH_RXN_p,0.06315662495370386,-2.0
[B]_CYSPH_RXN_p,5.90434569539294e-15,-2.0
[M]_Glycerol_biomass,-0.08137136025254874,2.0
[B]_Glycerol_biomass,0.0,2.0
[M]_2_PERIOD_5_PERIOD_1_PERIOD_19_RXN_p,0.05479265291264691,-2.000000000000071
[B]_2_PERIOD_5_PERIOD_1_PERIOD_19_RXN_p,0.04772386647706088,-2.0000000000000107
[M]_2_AMINOADIPATE_AMINOTRANSFERASE_RXN_c,0.0,1.5000000000001137
[B]_2_AMINOADIPATE_AMINOTRANSFERASE_RXN_c,0.0,-1.9999999999999432
[M]_ORNCARBAMTRANSFER_RXN_p,0.057407783991978385,-1.9999999999999858
[B]_ORNCARBAMTRANSFER_RXN_p,0.0,-2.0
[M]_IPP_biosynthesis_c,0.0,-2.0000000000000426
[B]_IPP_biosynthesis_c,0.0,-2.0000000000000853
[M]_PREPHENATE_DEHYDROGENASE_NADP_RXN_p,0.0,1.999999999999929
[B]_PREPHENATE_DEHYDROGENASE_NADP_RXN_p,0.0,-2.0000000000002274
[M]_HISTOLDEHYD_RXN_p,0.0,-2.000000000000014
[B]_HISTOLDEHYD_RXN_p,0.0,-2.0000000000000426
[M]_RXN0_5330_NADP_c,0.0,21.089430312404772
[B]_RXN0_5330_NADP_c,0.0,41.2975517578012
[M]_HISTALDEHYD_RXN_p,0.0,-1.1368683772161603e-13
[B]_HISTALDEHYD_RXN_p,0.0,1.9895196601282805e-13
[M]_RXN_14903_mi,0.0,1.3303768607824225
[B]_RXN_14903_mi,0.0,20.904974881368844
[M]_GLUTAMATE_N_ACETYLTRANSFERASE_RXN_p,0.057407783991978385,-1.999999999999858
[B]_GLUTAMATE_N_ACETYLTRANSFERASE_RXN_p,0.0,-2.0
[M]_PROTON_PPi_rev_vc,1.2926098313292191,-2.0
[B]_PROTON_PPi_rev_vc,0.0,-0.6666666666666998
[M]_RXN_9958_NAD_m,0.0,-2.0
[B]_RXN_9958_NAD_m,0.0,2.7748443039791226
[M]_GLN_GLU_mc,0.0,1.7499354964400027
[B]_GLN_GLU_mc,0.0,0.5631122224522187
[M]_NADPH_Dehydrogenase_p,0.0,1.6504370098091385
[B]_NADPH_Dehydrogenase_p,6.711889318378531,-2.0
[M]_CITSYN_RXN_m,0.0,-2.0000000000001847
[B]_CITSYN_RXN_m,0.4616074372213794,-1.9999999999999716
[M]_OROTPDECARB_RXN_p,0.0,-2.000000000000014
[B]_OROTPDECARB_RXN_p,0.0,-1.9999999999999716
[M]_SUC_ACONITATE_mc,0.0,-8.526512829121202e-14
[B]_SUC_ACONITATE_mc,0.0,0.0
[M]_K_biomass,-0.4154817314986776,2.0
[B]_K_biomass,0.0,2.0
[M]_PYRROLINECARBREDUCT_RXN_NADP_c,0.0,13.767922869275026
[B]_PYRROLINECARBREDUCT_RXN_NADP_c,0.0,16.17750212072012
[M]_Nitrate_tx,0.0,-5.907909563250428
[B]_Nitrate_tx,2.1932699284771866,-2.0
[M]_FUM_PROTON_vc,0.0,2.0
[B]_FUM_PROTON_vc,0.0,2.0
[M]_RXN_9537_p,0.17799985055245035,-2.0
[B]_RXN_9537_p,0.0,-1.9999999999999725
[M]_SER_xc,-3.399803109800309,2.0
[B]_SER_xc,-3.117329606731674e-15,2.0
[M]_TRP_PROTON_vc,0.0,-2.0
[B]_TRP_PROTON_vc,0.0,-2.0000000000000355
[M]_Photon_ep,297.31643180291644,-1.9999999999999998
[B]_Photon_ep,13.423778636757062,-1.9999999999999998
[M]_AICARTRANSFORM_RXN_p,0.01818328858523214,-2.0
[B]_AICARTRANSFORM_RXN_p,0.0,-2.0
[M]_SULFITE_OXIDASE_RXN_m,0.0,-2.0
[B]_SULFITE_OXIDASE_RXN_m,0.0,-2.0
[M]_CELLULOSE_SYNTHASE_GDP_FORMING_RXN_c,1.2095950050427104,-2.0
[B]_CELLULOSE_SYNTHASE_GDP_FORMING_RXN_c,0.0,29.49666862085141
[M]_sGLN_biomass,-0.08052367013949957,2.0
[B]_sGLN_biomass,0.0,2.0
[M]_SO4_tx,0.0,-6.361864344875642
[B]_SO4_tx,0.03135845810792271,-2.0
[M]_RXN_7985_p,0.0,-2.0
[B]_RXN_7985_p,0.0,-2.0
[M]_RIB5PISOM_RXN_p,7.427561617027974,-2.0
[B]_RIB5PISOM_RXN_p,2.4415250187810997,-2.0
[M]_2_PERIOD_7_PERIOD_1_PERIOD_90_RXN_c,0.0,-5.684341886080802e-14
[B]_2_PERIOD_7_PERIOD_1_PERIOD_90_RXN_c,0.0,-1.1368683772161603e-13
[M]_ORNITHINE_CITRULLINE_mc,0.0,2.0
[B]_ORNITHINE_CITRULLINE_mc,0.0,2.0
[M]_pPRO_biomass,0.0,2.0
[B]_pPRO_biomass,0.0,2.0
[M]_NH4_tx,0.0,-409.8142744794178
[B]_NH4_tx,0.0,-325.85141958353427
[M]_ADENYLOSUCCINATE_SYNTHASE_RXN_p,0.01818328858523214,-1.9999999999999858
[B]_ADENYLOSUCCINATE_SYNTHASE_RXN_p,0.0,-1.9999999999999858
[M]_FERRIC_CHELATE_REDUCTASE_RXN_c,0.0,20.303768607824708
[B]_FERRIC_CHELATE_REDUCTASE_RXN_c,0.0,18.12004963708111
[M]_OAA_xc,3.3235904396814937,-2.0
[B]_OAA_xc,-7.838443243537554e-16,2.0
[M]_ATPase_tx,4.242050515834291,-2.0
[B]_ATPase_tx,2.85097651532011,-2.0000000000000036
[M]_UDPKIN_RXN_c,0.0,-2.000000000000014
[B]_UDPKIN_RXN_c,0.3680223187005348,-2.0
[M]_NADPHoxp_tx,1.4140168386114302,-1.9999999999999858
[B]_NADPHoxp_tx,0.9503255051067033,-1.999999999999993
[M]_4_AMINO_BUTYRATE_mc,0.0,2.0
[B]_4_AMINO_BUTYRATE_mc,0.0,2.0
[M]_6PFRUCTPHOS_RXN_c,0.0,19.767922869274912
[B]_6PFRUCTPHOS_RXN_c,0.0,16.177502120720078
[M]_3_HYDROXYISOBUTYRYL_COA_HYDROLASE_RXN_m,0.0,-1.9999999999999858
[B]_3_HYDROXYISOBUTYRYL_COA_HYDROLASE_RXN_m,0.0,-2.0
[M]_RXN66_3_c,0.0,-1.3303768607822803
[B]_RXN66_3_c,0.0,0.5460679953067142
[M]_RXN66_3_m,1.5002114745384145,-2.0
[B]_RXN66_3_m,0.0,3.133611270227732
[M]_UDPKIN_RXN_p,0.0,-1.9999999999999574
[B]_UDPKIN_RXN_p,0.0,2.0000000000000284
[M]_RXN_10773_c,0.0,39.785910242109935
[B]_RXN_10773_c,0.0,-2.0
[M]_pASN_biomass,-0.05637421552755225,2.0
[B]_pASN_biomass,0.0,2.0
[M]_Sucrose_ec,0.0,-2.000000000000057
[B]_Sucrose_ec,0.0,-2.0000000000000426
[M]_GLY_mc,-0.11885332840456994,2.0
[B]_GLY_mc,-8.678098498462857,2.0
[M]_DGDPKIN_RXN_p,0.0,-1.9999999999999885
[B]_DGDPKIN_RXN_p,0.0,-2.0000000000000053
[M]_DUDPKIN_RXN_p,0.0,125.61213569120164
[B]_DUDPKIN_RXN_p,0.0,-2.0000000000000338
[M]_RXN_8991_p,0.0,-2.0
[B]_RXN_8991_p,0.10369853002851304,-2.0000000000000275
[M]_ACETATE_COA_LIGASE_RXN_p,1.4490855709059365,-2.000000000000007
[B]_ACETATE_COA_LIGASE_RXN_p,3.443426099813962e-15,-1.9999999999999574
[M]_ETHANOLAMINEPHOSPHOTRANSFERASE_RXN_r,0.0,-2.0
[B]_ETHANOLAMINEPHOSPHOTRANSFERASE_RXN_r,0.0,-2.0
[M]_sSUC_biomass,-0.015339804936116629,2.0
[B]_sSUC_biomass,0.0,2.0
[M]_RXN0_2382_p,0.0,-2.0
[B]_RXN0_2382_p,0.0,-1.9999999999999725
[M]_Protein_Translocation_c,0.9793322323427313,-1.9999999999999858
[B]_Protein_Translocation_c,0.0,-0.053228272441259605
[M]_THYMIDYLATESYN_RXN_m,0.0,-2.0
[B]_THYMIDYLATESYN_RXN_m,0.0,-1.9999999999999716
[M]_L_ALPHA_ALANINE_PROTON_rev_vc,0.0,-2.0
[B]_L_ALPHA_ALANINE_PROTON_rev_vc,0.0,-1.9999999999999787
[M]_ATP_CITRATE_PRO_S_LYASE_RXN_c,0.0,0.5535951301644104
[B]_ATP_CITRATE_PRO_S_LYASE_RXN_c,0.0,-1.999999999999858
[M]_2KG_ACONITATE_mc,0.0,-1.6124165129285188
[B]_2KG_ACONITATE_mc,0.0,-1.999999999999602
[M]_AMP_DEAMINASE_RXN_c,2.168404344971009e-18,-1.9999999999999716
[B]_AMP_DEAMINASE_RXN_c,3.770015745436062e-16,-2.0
[M]_FUMARYLACETOACETASE_RXN_c,0.0,-2.0
[B]_FUMARYLACETOACETASE_RXN_c,0.0,-0.5799007119393309
[M]_SO4_pc,-0.02508676648633817,2.0
[B]_SO4_pc,0.0,2.0
[M]_NH4_vc,0.0,2.0
[B]_NH4_vc,0.0,2.0
[M]_GLC_pc,0.0,2.0
[B]_GLC_pc,0.0,2.000000000000057
[M]_MAL_PROTON_rev_vc,0.0,2.0
[B]_MAL_PROTON_rev_vc,0.0,-0.6666666666666856
[M]_CARBOXYCYCLOHEXADIENYL_DEHYDRATASE_RXN_p,0.054792652912646685,-2.000000000000014
[B]_CARBOXYCYCLOHEXADIENYL_DEHYDRATASE_RXN_p,0.0,-1.574810012725493
[M]_ASPARAGINE_TRNA_LIGASE_RXN_c,0.0,2.7344290936507605
[B]_ASPARAGINE_TRNA_LIGASE_RXN_c,0.0704677694094426,-2.0
[M]_GLU6PDEHYDROG_RXN_p,0.0,-2.000000000000014
[B]_GLU6PDEHYDROG_RXN_p,0.0,-1.9999999999999716
[M]_METHYLENE_THF_mc,0.04327005507156558,-2.0
[B]_METHYLENE_THF_mc,0.0,-3.552713678800501e-15
[M]_GMP_SYN_GLUT_RXN_c,2.168404344971009e-18,-1.9999999999999432
[B]_GMP_SYN_GLUT_RXN_c,3.770015745436062e-16,-2.0000000000001705
[M]_GLU6PDEHYDROG_RXN_c,0.0,1.6327854531746198
[B]_GLU6PDEHYDROG_RXN_c,0.0,-2.0000000000000213
[M]_ACETATE_COA_LIGASE_RXN_x,0.07621267011881162,-2.0
[B]_ACETATE_COA_LIGASE_RXN_x,8.615169660754202e-15,-2.0
[M]_ARGININE_TRNA_LIGASE_RXN_c,0.0,-0.35766134309847075
[B]_ARGININE_TRNA_LIGASE_RXN_c,0.07175972998997297,-2.0
[M]_RXN_15130_p,0.038069858467370404,-2.000000000000057
[B]_RXN_15130_p,0.0,2.1147330660230086
[M]_ADENOSINE_KINASE_RXN_c,0.0,-1.9999999999999716
[B]_ADENOSINE_KINASE_RXN_c,0.0,-2.0
[M]_AraCore_Biomass_tx,0.230823184165932,-2.0000000000009095
[B]_AraCore_Biomass_tx,0.0,-2.000000000000007
[M]_PHOSGLYPHOS_RXN_p,56.5148799395499,-2.0000000000000737
[B]_PHOSGLYPHOS_RXN_p,4.086073185065767,-1.999999999999977
[M]_2_PERIOD_7_PERIOD_7_PERIOD_44_RXN_c,-0.032489587573507464,2.0000000000000284
[B]_2_PERIOD_7_PERIOD_7_PERIOD_44_RXN_c,0.04061198446688433,-1.9999999999998863
[M]_pGLN_biomass,-0.06795205492421631,2.0
[B]_pGLN_biomass,0.0,2.0
[M]_SUCCINYL_COA_HYDROLASE_RXN_m,0.0,9.76792286927494
[B]_SUCCINYL_COA_HYDROLASE_RXN_m,0.0,48.48915333922798
[M]_pHIS_biomass,-0.01818328858523214,1.9999999999998863
[B]_pHIS_biomass,0.0,1.9999999999998863
[M]_BHBDCLOS_RXN_x,0.0,-2.0
[B]_BHBDCLOS_RXN_x,0.0,-2.0
[M]_K_tx,0.0,-5.453954781625221
[B]_K_tx,0.519352164373347,-2.0
[M]_SULFITE_REDUCTASE_FERREDOXIN_RXN_p,0.02508676648633817,-2.0
[B]_SULFITE_REDUCTASE_FERREDOXIN_RXN_p,0.0,-2.0
[M]_GLUTKIN_RXN_c,0.0,-1.9999999999999147
[B]_GLUTKIN_RXN_c,0.0,-1.9999999999999645
[M]_TYROSINE_AMINOTRANSFERASE_RXN_c,0.0,2.000000000000078
[B]_TYROSINE_AMINOTRANSFERASE_RXN_c,0.0,1.3722995311978536
[M]_unlProtHYPO_c,0.0,-138.4528191284994
[B]_unlProtHYPO_c,0.0,-106.5421560147388
[M]_MYO_INOSITOL_1_PHOSPHATE_SYNTHASE_RXN_c,0.0,-2.0
[B]_MYO_INOSITOL_1_PHOSPHATE_SYNTHASE_RXN_c,0.0,-0.06602978641819846
[M]_pCYS_biomass,0.0,2.0
[B]_pCYS_biomass,0.0,2.0
[M]_3_HYDROXYPROPIONATE_DEHYDROGENASE_RXN_m,0.0,-1.9999999999999858
[B]_3_HYDROXYPROPIONATE_DEHYDROGENASE_RXN_m,0.0,-1.999999999999993
[M]_LYS_PROTON_rev_vc,0.0,-2.0
[B]_LYS_PROTON_rev_vc,0.0,-2.0000000000000355
[M]_2_KETOGLUTARATE_xc,2.208997715427563,-2.0
[B]_2_KETOGLUTARATE_xc,0.0,-2.0
[M]_GLY_pc,0.0,-2.0
[B]_GLY_pc,5.90434569539294e-15,2.0
[M]_RXN_12486_c,0.0,23.767922869274997
[B]_RXN_12486_c,0.0,18.814338295419887
[M]_PHOSPHATIDATE_PHOSPHATASE_RXN_p,0.0,-2.0
[B]_PHOSPHATIDATE_PHOSPHATASE_RXN_p,0.0,-1.9999999999999991
[M]_SAICARSYN_RXN_p,0.0,-2.0000000000000853
[B]_SAICARSYN_RXN_p,0.0,-2.0
[M]_SER_mc,0.03779163666650218,-2.0
[B]_SER_mc,4.3390492492314285,-2.0
[M]_RXN_2141_p,0.0,6.017987372835023
[B]_RXN_2141_p,0.0,-1.9856101017322185
[M]_ARG_ORNITHINE_mc,0.0,-2.0
[B]_ARG_ORNITHINE_mc,0.0,-2.0
[M]_GMP_pc,-2.168404344971009e-18,1.999999999999993
[B]_GMP_pc,-3.770015745436062e-16,2.0
[M]_SUCROSE_SYNTHASE_RXN_c,0.0,-2.0
[B]_SUCROSE_SYNTHASE_RXN_c,0.0,-0.23110425246372301
[M]_RXN_14351_pc,0.0,-2.0
[B]_RXN_14351_pc,0.0,-2.0
[M]_ARG_LYS_mc,0.0,0.0
[B]_ARG_LYS_mc,0.0,0.0
[M]_GLYRIBONUCSYN_RXN_p,0.0,-2.000000000000025
[B]_GLYRIBONUCSYN_RXN_p,0.0,-2.000000000000039
[M]_RXN66_1_c,0.0,16.30376860782468
[B]_RXN66_1_c,0.0,12.643014886259664
[M]_ETHANOLAMINE_KINASE_RXN_c,0.0,-1.9999999999999787
[B]_ETHANOLAMINE_KINASE_RXN_c,0.0,2.2805807042704203
[M]_ISOCITRATE_ACONITATE_mc,0.015339804936116566,-2.0
[B]_ISOCITRATE_ACONITATE_mc,0.0,-2.0
[M]_PHOSGLYPHOS_RXN_c,-5.5685214252169875,1.9999999999999858
[B]_PHOSGLYPHOS_RXN_c,0.0,-2.0
[M]_CHORISMATE_SYNTHASE_RXN_p,0.05479265291264691,-2.000000000000014
[B]_CHORISMATE_SYNTHASE_RXN_p,0.04772386647706088,-2.0000000000000107
[M]_MAL_CIT_mc,0.0,1.9999999999998295
[B]_MAL_CIT_mc,0.0,2.842170943040401e-14
[M]_SPONTPRO_RXN_m,0.0,-1.9999999999999858
[B]_SPONTPRO_RXN_m,0.0,-2.0
[M]_METHYLENE_THF_pc,0.0,-2.0
[B]_METHYLENE_THF_pc,5.90434569539294e-15,2.0
[M]_RXN_3521_p,0.0,-2.0
[B]_RXN_3521_p,0.0,-1.9999999999999998
[M]_CYSTATHIONINE_BETA_LYASE_RXN_p,0.02508676648633345,-2.000000000000057
[B]_CYSTATHIONINE_BETA_LYASE_RXN_p,5.90434569539294e-15,-2.0000000000000275
[M]_6PFRUCTPHOS_RXN_p,0.0,10.017987372834881
[B]_6PFRUCTPHOS_RXN_p,0.0,12.144946107580083
[M]_PRIBFAICARPISOM_RXN_p,0.01818328858523214,-2.0
[B]_PRIBFAICARPISOM_RXN_p,0.0,-2.0
[M]_METHYLCROTONYL_COA_CARBOXYLASE_RXN_m,0.0,-1.999999999999993
[B]_METHYLCROTONYL_COA_CARBOXYLASE_RXN_m,0.0,-2.000000000000007
[M]_ATP_AMP_mc,0.254212520671277,-2.0
[B]_ATP_AMP_mc,1.294633059837861,-2.0
[M]_METHYLENETHFDEHYDROG_NADP_RXN_c,0.0,-2.0
[B]_METHYLENETHFDEHYDROG_NADP_RXN_c,0.022729110731540172,-2.0
[M]_GLN_PROTON_vc,0.0,-2.0
[B]_GLN_PROTON_vc,0.0,-2.0000000000000355
[M]_SPONTPRO_RXN_c,0.0,2.0
[B]_SPONTPRO_RXN_c,0.0,2.0
[M]_ARG_mc,0.0,2.0
[B]_ARG_mc,0.0,2.0
[M]_Phytol_degradation_p,0.0,-1.9999999999999432
[B]_Phytol_degradation_p,0.0,-2.000000000000057
[M]_GLC_tx,0.0,-909.7883775118809
[B]_GLC_tx,0.0,-725.4675381842046
[M]_SER_pc,-0.02508676648633345,2.0
[B]_SER_pc,-1.180869139078588e-14,-2.0
[M]_sARG_biomass,0.0,-2.0
[B]_sARG_biomass,0.0,-2.0
[M]_sHIS_biomass,0.0,-2.0
[B]_sHIS_biomass,0.0,-2.0
[M]_sLYS_biomass,0.0,-2.0
[B]_sLYS_biomass,0.0,-2.0
[M]_sTHR_biomass,0.0,-2.0
[B]_sTHR_biomass,0.0,-2.0
[M]_sASN_biomass,0.0,-2.0
[B]_sASN_biomass,0.0,-2.0
[M]_sCYS_biomass,0.0,-2.0
[B]_sCYS_biomass,0.0,-2.0
[M]_sGLY_biomass,0.0,-2.0
[B]_sGLY_biomass,0.0,5693.975044947472
[M]_sPRO_biomass,0.0,-2.0
[B]_sPRO_biomass,0.0,-2.0
[M]_sVAL_biomass,0.0,-2.0
[B]_sVAL_biomass,0.0,-2.0
[M]_sILE_biomass,0.0,-2.0
[B]_sILE_biomass,0.0,-2.0
[M]_sLEU_biomass,0.0,-2.0
[B]_sLEU_biomass,0.0,-2.0
[M]_sMET_biomass,0.0,-2.0
[B]_sMET_biomass,0.0,-2.0
[M]_sPHE_biomass,0.0,-2.0
[B]_sPHE_biomass,0.0,-2.0
[M]_sTYR_biomass,0.0,-2.0
[B]_sTYR_biomass,0.0,-2.0
[M]_sTRP_biomass,0.0,-2.0
[B]_sTRP_biomass,0.0,-2.0
[M]_DIACYLGLYCEROL_O_ACYLTRANSFERASE_RXN_p,0.0,-2.0
[B]_DIACYLGLYCEROL_O_ACYLTRANSFERASE_RXN_p,0.0,-2.0
[M]_CDPDIGLYSYN_RXN_p,0.0,-2.0000000000000036
[B]_CDPDIGLYSYN_RXN_p,0.0,-2.000000000000007
[M]_CDPDIGLYSYN_RXN_m,0.0,-2.000000000000007
[B]_CDPDIGLYSYN_RXN_m,0.0,-1.9999999999999964
[M]_PHOSPHAGLYPSYN_RXN_p,0.0,-2.0000000000000426
[B]_PHOSPHAGLYPSYN_RXN_p,0.0,-2.000000000000014
[M]_PHOSPHAGLYPSYN_RXN_m,0.0,-2.0000000000000426
[B]_PHOSPHAGLYPSYN_RXN_m,0.0,-1.9999999999999574
[M]_PGPPHOSPHA_RXN_p,0.0,-2.000000000000018
[B]_PGPPHOSPHA_RXN_p,0.0,-2.000000000000022
[M]_PGPPHOSPHA_RXN_m,0.0,-2.0000000000000036
[B]_PGPPHOSPHA_RXN_m,0.0,-1.999999999999996
[M]_2_PERIOD_3_PERIOD_1_PERIOD_23_RXN_p,0.0,2.0
[B]_2_PERIOD_3_PERIOD_1_PERIOD_23_RXN_p,0.0,2.0000000000000284
[M]_PHOSPHOLIPASE_A2_RXN_c,0.0,-2.0
[B]_PHOSPHOLIPASE_A2_RXN_c,0.0,-1.9999999999999716
[M]_UDPGLUCEPIM_RXN_c,0.0,2.0
[B]_UDPGLUCEPIM_RXN_c,0.0,2.0
[M]_2_PERIOD_4_PERIOD_1_PERIOD_46_RXN_p,0.0,-2.0
[B]_2_PERIOD_4_PERIOD_1_PERIOD_46_RXN_p,0.0,-2.0
[M]_RXN_1225_p,0.0,-2.0
[B]_RXN_1225_p,0.0,-2.0
[M]_RXN_9623_p,0.0,22.035974745669648
[B]_RXN_9623_p,0.0,22.251745045713847
[M]_RXN_9632_p,0.0,-2.000000000000014
[B]_RXN_9632_p,0.0,-2.0000000000000284
[M]_RXN_9633_p,0.0,-2.0000000000000995
[B]_RXN_9633_p,0.0,-1.9999999999999716
[M]_RXN_9634_p,0.0,-2.0
[B]_RXN_9634_p,0.0,-1.9999999999999725
[M]_RXN_9635_p,0.0,-1.9999999999999005
[B]_RXN_9635_p,0.0,-2.000000000000071
[M]_RXN_9548_p,0.0,-2.0000000000000426
[B]_RXN_9548_p,0.0,-2.000000000000014
[M]_palmitoyl_ACP_desaturase_p,0.0,-2.000000000000057
[B]_palmitoyl_ACP_desaturase_p,0.0,-1.9999999999999716
[M]_hexadecenoate_biosynthesis_p,0.0,-2.0000000000000426
[B]_hexadecenoate_biosynthesis_p,0.0,-2.000000000000014
[M]_palmitoleoyl_ACP_desaturase_p,0.0,-2.000000000000057
[B]_palmitoleoyl_ACP_desaturase_p,0.0,-1.9999999999999716
[M]_hexadecadienoate_biosynthesis_p,0.0,-2.0000000000000426
[B]_hexadecadienoate_biosynthesis_p,0.0,-2.000000000000014
[M]_hexadecadienoate_ACP_desaturase_p,0.0,-2.000000000000057
[B]_hexadecadienoate_ACP_desaturase_p,0.0,-1.9999999999999716
[M]_hexadecatrienoate_biosynthesis_p,0.0,-2.0000000000000426
[B]_hexadecatrienoate_biosynthesis_p,0.0,-2.000000000000014
[M]_RXN_7903_p,0.0,-2.000000000000057
[B]_RXN_7903_p,0.0,-1.9999999999999716
[M]_3_PERIOD_1_PERIOD_2_PERIOD_14_RXN_p,0.0,-2.0000000000000426
[B]_3_PERIOD_1_PERIOD_2_PERIOD_14_RXN_p,0.0,-2.000000000000014
[M]_Oleoyl_ACP_desaturase_p,0.0,-2.000000000000057
[B]_Oleoyl_ACP_desaturase_p,0.0,-1.9999999999999716
[M]_Octadecadienoyl_ACP_hydrolase_p,0.0,-2.0000000000000426
[B]_Octadecadienoyl_ACP_hydrolase_p,0.0,-2.000000000000014
[M]_Octadecadienoyl_ACP_desaturase_p,0.0,-2.000000000000057
[B]_Octadecadienoyl_ACP_desaturase_p,0.0,-1.9999999999999716
[M]_Octadecatrienoyl_ACP_hydrolase_p,0.0,-2.0000000000000426
[B]_Octadecatrienoyl_ACP_hydrolase_p,0.0,-2.000000000000014
[M]_RXN1G_368_p,0.0,-2.0000000000000426
[B]_RXN1G_368_p,0.0,-2.0000000000000284
[M]_RXN1G_349_p,0.0,-2.0000000000000995
[B]_RXN1G_349_p,0.0,-1.9999999999999716
[M]_RXN1G_320_p,0.0,-2.0
[B]_RXN1G_320_p,0.0,-1.9999999999999725
[M]_RXN1G_395_p,0.0,-1.9999999999999005
[B]_RXN1G_395_p,0.0,-2.000000000000071
[M]_RXN1G_445_p,0.0,-2.0000000000000426
[B]_RXN1G_445_p,0.0,-2.0000000000000284
[M]_RXN1G_469_p,0.0,-2.0000000000000995
[B]_RXN1G_469_p,0.0,-1.9999999999999716
[M]_RXN1G_363_p,0.0,-2.0
[B]_RXN1G_363_p,0.0,-1.9999999999999725
[M]_RXN1G_488_p,0.0,-1.9999999999999005
[B]_RXN1G_488_p,0.0,-2.000000000000071
[M]_arachidate_biosynthesis_p,0.0,-2.0000000000000426
[B]_arachidate_biosynthesis_p,0.0,-2.000000000000014
[M]_docosanoate_biosynthesis_p,0.0,-1.9999999999998153
[B]_docosanoate_biosynthesis_p,0.0,-2.000000000000014
[M]_Arachidoyl_ACP_desaturase_p,0.0,-2.000000000000057
[B]_Arachidoyl_ACP_desaturase_p,0.0,-1.9999999999999716
[M]_gadoleic_acid_biosynthesis_p,0.0,-2.0000000000000426
[B]_gadoleic_acid_biosynthesis_p,0.0,-2.000000000000014
[M]_RXN_1223_p,0.0,-2.000000000000071
[B]_RXN_1223_p,0.0,-2.0000000000000284
[M]_RXN_1224_p,0.0,-1.9999999999999858
[B]_RXN_1224_p,0.0,-2.000000000000057
[M]_GLUC1PURIDYLTRANS_RXN_p,0.0,2.0000000000000213
[B]_GLUC1PURIDYLTRANS_RXN_p,0.0,2.0000000000000213
[M]_LPG_biosynthesis_c,0.0,-2.0
[B]_LPG_biosynthesis_c,0.0,-2.0
[M]_Fatty_Acids_pc,0.0,2.0
[B]_Fatty_Acids_pc,0.0,2.0
[M]_2_PERIOD_7_PERIOD_8_PERIOD_11_RXN_r,0.0,-2.000000000000057
[B]_2_PERIOD_7_PERIOD_8_PERIOD_11_RXN_r,0.0,-2.0
[M]_PHE_NH4_Lyase_c,0.0,-2.0
[B]_PHE_NH4_Lyase_c,0.0,1.9999999999997726
[M]_TRANS_CINNAMATE_4_MONOOXYGENASE_RXN_c,0.0,-2.0
[B]_TRANS_CINNAMATE_4_MONOOXYGENASE_RXN_c,0.0,4.440198576121759
[M]_RXN_8871_c,1.7213758136554681e-16,-1.9999999999999005
[B]_RXN_8871_c,0.0,0.6525704768133807
[M]_RXN_8872_c,0.0,-2.0
[B]_RXN_8872_c,0.0,8.887856163196723
[M]_RXN_8873_c,0.0,-2.0000000000000284
[B]_RXN_8873_c,0.0,-2.000000000000057
[M]_4_COUMARATE_COA_LIGASE_RXN_c,0.0,1595.5646834723013
[B]_4_COUMARATE_COA_LIGASE_RXN_c,0.0,1275.2162709908284
[M]_2_PERIOD_3_PERIOD_1_PERIOD_133_RXN_c,0.0,-1.9999999999999858
[B]_2_PERIOD_3_PERIOD_1_PERIOD_133_RXN_c,0.0,-1.058295850447735
[M]_RXN_2581_c,0.0,36.89456129015929
[B]_RXN_2581_c,0.0,37.55584760824894
[M]_RXN_2621_c,0.0,-1.8228698130596754
[B]_RXN_2621_c,0.0,-1.9999999999999916
[M]_RXN_1103_c,0.0,-2.0
[B]_RXN_1103_c,0.0,9.64019857612135
[M]_RXN_1104_c,0.0,-2.0
[B]_RXN_1104_c,0.0,-0.13588085432706976
[M]_FERULIC_ACID_pc,0.0,-2.0
[B]_FERULIC_ACID_pc,0.0,-2.0
[M]_RXN_1104_p,0.0,1058.0395709310171
[B]_RXN_1104_p,0.0,848.0705994209699
[M]_VANILLIN_pc,0.0,1.9999999999999858
[B]_VANILLIN_pc,0.0,-1.9999999999999982
[M]_6_PERIOD_2_PERIOD_1_PERIOD_34_RXN_p,0.0,-1.999999999999993
[B]_6_PERIOD_2_PERIOD_1_PERIOD_34_RXN_p,0.0,-2.0
[M]_6_PERIOD_2_PERIOD_1_PERIOD_34_RXN_c,0.0,531.0399509707111
[B]_6_PERIOD_2_PERIOD_1_PERIOD_34_RXN_c,0.0,423.5964849895562
[M]_ACETOVANILLONE_SYNTHASE_c,0.0,16.715780558704665
[B]_ACETOVANILLONE_SYNTHASE_c,0.0,-2.0
[M]_ACETOVANILLONE_HYDROXYLASE_c,0.0,-1.9999999999999716
[B]_ACETOVANILLONE_HYDROXYLASE_c,0.0,6.229193611718529
[M]_ACETOSYRINGONE_BIOSYNTHESIS_c,0.0,-1.9999999999999964
[B]_ACETOSYRINGONE_BIOSYNTHESIS_c,0.0,0.19445162979152286
[M]_RXN_1121_c,0.0,-2.0
[B]_RXN_1121_c,0.0,9.640198576121463
[M]_RXN_3422_c,0.0,-2.0
[B]_RXN_3422_c,0.0,-1.1559801423878753
[M]_SYRINGALDEHYDE_BIOSYNTHESIS_c,0.0,184.36494555976074
[B]_SYRINGALDEHYDE_BIOSYNTHESIS_c,0.0,146.67112990326365
[M]_SYRINGICACID_BIOSYNTHESIS_c,0.0,-1.999999999999929
[B]_SYRINGICACID_BIOSYNTHESIS_c,0.0,-1.1688039715223795
[M]_VANILLICACID_BIOSYNTHESIS_c,0.0,-1.9999999999999858
[B]_VANILLICACID_BIOSYNTHESIS_c,0.0,0.13942680777637406
[M]_Maize_biomass_tx,0.0,132532.24641560958
[B]_Maize_biomass_tx,0.0,63019.76387960334
[M]_Arabidopsis_biomass_tx,0.0,106512.6787257402
[B]_Arabidopsis_biomass_tx,0.0,-1.9999999999936335
[M]_PYR_MAL_pc,0.057407783991978434,-2.0
[B]_PYR_MAL_pc,1.0644605293161649,-2.0
[M]_Pyr_H_pc,0.12958360721502338,-1.9999999999999858
[B]_Pyr_H_pc,0.24970633079458515,-2.0
[M]_PPT_pc,0.0,2.842170943040401e-14
[B]_PPT_pc,0.0,0.40000000000060254
[MB]_VAL_c,-1.1102230246251566e-17,-2.0
[MB]_GLYCEROL_3P_c,0.0,2.0
[MB]_UREA_c,0.0,2.0
[MB]_ACETOACETATE_c,0.0,1.9999999999999432
[MB]_XYLULOSE_5_PHOSPHATE_c,0.0,-2.0
[MB]_FORMATE_c,0.0,2.0
[MB]_GLN_c,0.06795205492420722,-1.9999999999998863
[MB]_aDELTA3_ISOPENTENYL_PP_c,0.0,1.9999999999997726
[MB]_ALA_tRNAs_c,0.1052806778295867,-2.0000000000001137
[MB]_MET_tRNAs_c,0.025086766486338175,-2.0000000000001137
[MB]_MYO_INOSITOL_c,0.0,2.0
[MB]_PROPIONYL_COA_c,-2.6937118455250126e-16,2.0000000000000284
[MB]_ISOBUTYRYL_COA_c,2.6937118455250126e-16,2.0
[MB]_PHE_c,0.054792652912646685,-2.0
[MB]_Charged_GLT_tRNAs_c,-0.06795205492421631,2.0
[MB]_L_CITRULLINE_c,0.0,1.9999999999998863
[MB]_LYS_tRNAs_c,0.0591927312420085,-1.9999999999998863
[MB]_TYR_c,0.0,1.0804413643429598
[MB]_2_METHYL_3_HYDROXY_BUTYRYL_COA_c,0.0,2.0
[MB]_GLC_6_P_c,0.0,0.08253723302277649
[MB]_SUCROSE_6P_c,0.0,1.7936569174430588
[MB]_Charged_GLN_tRNAs_c,-0.06795205492420693,1.9999999999998863
[MB]_CPD_1777_c,0.0,2.0
[MB]_2_METHYL_ACETO_ACETYL_COA_c,0.0,-2.0
[MB]_PALMITATE_c,0.0,2.0
[MB]_CONIFERYL_ALCOHOL_c,0.0,2.0
[MB]_Charged_PHE_tRNAs_c,-0.05479265291264669,2.0
[MB]_L_ALPHA_ALANINE_c,0.10528067782958671,-2.0
[MB]_CPD_14927_c,-2.6937118455250126e-16,1.9999999999997726
[MB]_GLT_tRNAs_c,0.06795205492421631,-2.0
[MB]_GLN_tRNAs_c,0.06795205492420693,-2.0
[MB]_CPD_5441_c,0.0,2.0
[MB]_SER_c,-3.3870982396201397,2.0
[MB]_FeIII_c,0.0,1.6501241100759216
[MB]_NITRATE_c,-1.7546159427817494,2.0
[MB]_GAP_c,2.961534952315282,-2.000000000000057
[MB]_SUCROSE_c,-0.03244700154303945,2.0
[MB]_aPi_c,0.34082137493818765,-2.0
[MB]_4_FUMARYL_ACETOACETATE_c,0.0,2.0
[MB]_P_HYDROXY_PHENYLPYRUVATE_c,0.0,2.0
[MB]_WATER_c,-17.087997455404164,2.0
[MB]_Charged_TYR_tRNAs_c,-0.0381790931816487,2.0
[MB]_aL_GLUTAMATE_5_P_c,0.0,2.0
[MB]_MGII_c,-0.13387744681624056,2.0
[MB]_PYRUVATE_c,-0.2825174090401642,2.0
[MB]_ETOH_c,0.0,2.0000000000000284
[MB]_GLUTACONYL_COA_c,0.0,2.0
[MB]_GLC_c,0.0,2.0
[MB]_TRP_c,0.0,2.0
[MB]_GLT_c,2.163555194842057,-2.0
[MB]_LEU_tRNAs_c,0.08295882402281043,-2.0000000000002274
[MB]_Charged_CYS_tRNAs_c,0.0,2.0
[MB]_MANNITOL_1P_c,-0.8464317700500992,2.0
[MB]_2_PG_c,0.0,2.0
[MB]_Charged_ASN_tRNAs_c,-0.05637421552755408,2.0
[MB]_3_HYDROXY_PROPIONATE_c,1.077484738210005e-15,1.9999999999999716
[MB]_RIBULOSE_5P_c,0.0,2.0
[MB]_HIS_c,0.01818328858523214,-2.0000000000002274
[MB]_GDP_MANNOSE_c,0.0,2.0
[MB]_MAL_c,3.21993818183203,-2.0
[MB]_CPD_510_c,0.032489587573507464,-2.0
[MB]_Charged_HIS_tRNAs_c,-0.01818328858523214,1.9999999999997726
[MB]_ASP_tRNAs_c,0.05637421552755189,-2.0000000000001137
[MB]_Charged_LEU_tRNAs_c,-0.08295882402281043,2.0
[MB]_aHS_c,7.085214834471528e-16,2.0
[MB]_Charged_ALA_tRNAs_c,-0.1052806778295867,2.0
[MB]_FRU_c,0.0,2.0
[MB]_aHOMOGENTISATE_c,0.0,2.0
[MB]_FRUCTOSE_6P_c,0.0,0.5825372330226628
[MB]_METHYLENE_THF_c,0.01818328858523214,-2.0
[MB]_2K_ADIPATE_c,0.0,2.0
[MB]_L_ASPARTATE_c,-1.7674482214379026,2.0
[MB]_MET_c,0.02508676648633345,-2.0
[MB]_MANNOSE_6P_c,0.8464317700500992,-2.000000000000057
[MB]_ETHANOL_AMINE_c,0.0,2.0
[MB]_UDP_GLUCURONATE_c,0.0,-4.371417548602182
[MB]_ILE_c,0.0380698584673704,-2.0000000000001137
[MB]_CYS_c,4.0149550728671995e-15,2.0
[MB]_2_KETOGLUTARATE_c,-2.442647029246277,2.0
[MB]_FUM_c,0.0742772708671779,-2.0
[MB]_Protein_polymerisation_cost_c,0.0,2.0
[MB]_Charged_THR_tRNAs_c,-0.0476801725914421,2.0
[MB]_VAL_tRNAs_c,0.07202650977169872,-2.0
[MB]_CIS_ACONITATE_c,0.0,-6.5828400403513
[MB]_Charged_ASP_tRNAs_c,-0.05637421552755188,2.0
[MB]_4_MALEYL_ACETOACETATE_c,0.0,2.0
[MB]_UDP_D_XYLOSE_c,0.0,2.0
[MB]_CAII_c,-0.20312440206602017,2.0
[MB]_aP_HYDROXY_PHENYLPYRUVATE_c,0.0,2.0
[MB]_Pi_c,0.7952498748557628,-2.0
[MB]_TYR_tRNAs_c,0.0381790931816487,-2.0
[MB]_CPD_468_c,0.0,2.0
[MB]_aDTTP_c,0.0,2.0
[MB]_Charged_ILE_tRNAs_c,-0.0380698584673704,2.0
[MB]_DTTP_c,0.0,2.0
[MB]_1_L_MYO_INOSITOL_1_P_c,0.0,2.0
[MB]_SULFATE_c,-0.025086766486338168,2.0
[MB]_GLC_1_P_c,0.0,-0.4174627669772235
[MB]_NITRITE_c,0.0,2.0
[MB]_GDP_D_GLUCOSE_c,0.0,2.0
[MB]_OXYGEN_MOLECULE_c,1.9384072840299773,-2.0
[MB]_ARG_c,0.05740778399197838,-2.0
[MB]_ARG_tRNAs_c,0.05740778399197838,-1.9999999999997726
[MB]_HOMOGENTISATE_c,0.0,2.0
[MB]_Charged_PRO_tRNAs_c,0.0,2.0
[MB]_PRO_tRNAs_c,0.0,2.0
[MB]_CIT_c,0.0,-4.0828400403513
[MB]_aPHOSPHORYL_ETHANOLAMINE_c,0.0,2.0
[MB]_HYDROGEN_PEROXIDE_c,0.0,2.0
[MB]_Charged_VAL_tRNAs_c,-0.07202650977169872,2.0
[MB]_HIS_tRNAs_c,0.01818328858523214,-2.000000000000026
[MB]_GLYCERATE_c,-2.4938636853853392e-15,1.9999999999999716
[MB]_PHOSPHORYL_CHOLINE_c,0.0,2.0000000000000284
[MB]_ACETYL_COA_c,0.0,2.0
[MB]_ASN_tRNAs_c,0.05637421552755408,-2.0
[MB]_GLY_tRNAs_c,0.04768017259144207,-2.0
[MB]_CYS_tRNAs_c,0.0,2.0
[MB]_aCPD_5441_c,0.0,2.0
[MB]_Charged_LYS_tRNAs_c,-0.0591927312420085,2.0
[MB]_CPD_2961_c,0.0,-2.0
[MB]_SER_tRNAs_c,0.0841411597649917,-2.0000000000001705
[MB]_Charged_MET_tRNAs_c,-0.025086766486338175,2.0
[MB]_G3P_c,-8.450461542096667,2.0
[MB]_Heteroglycans_c,0.0,2.0
[MB]_MANNOSE_1P_c,0.0,2.0
[MB]_THR_c,0.04768017259144683,-2.000000000000057
[MB]_aCPD_406_c,0.0,2.0
[MB]_aPPI_c,-1.3877787807814457e-16,2.0
[MB]_ACRYLYL_COA_c,0.0,2.0
[MB]_MANNITOL_c,0.0,-2.000000000000057
[MB]_DIHYDROXY_ACETONE_PHOSPHATE_c,4.238994392161367,-2.000000000000057
[MB]_KI_c,-0.4154817314986776,2.0
[MB]_XYLAN_c,-0.2619708534173884,2.0
[MB]_THR_tRNAs_c,0.0476801725914421,-2.0
[MB]_DTDP_c,0.0,2.0
[MB]_4_AMINO_BUTYRATE_c,-0.02224206044867432,2.0
[MB]_CPD_406_c,0.0,2.0
[MB]_Protein_processing_cost_c,0.0,2.0
[MB]_Charged_GLY_tRNAs_c,-0.04768017259144207,2.0
[MB]_THREO_DS_ISO_CITRATE_c,0.0,-5.0828400403513
[MB]_SACCHAROPINE_c,0.0,2.0
[MB]_TRP_tRNAs_c,0.0,2.0
[MB]_SUC_c,0.0,2.0
[MB]_Charged_ARG_tRNAs_c,-0.05740778399197838,2.0
[MB]_10_FORMYL_THF_c,-0.01818328858523214,2.0
[MB]_PRO_c,0.0,2.0
[MB]_Charged_TRP_tRNAs_c,0.0,2.0
[MB]_aPHOSPHORYL_CHOLINE_c,0.0,2.0
[MB]_SUPER_OXIDE_c,0.0,-2.0
[MB]_GLUCURONATE_c,0.0,1.9999999999999432
[MB]_D_6_P_GLUCONO_DELTA_LACTONE_c,0.0,2.0
[MB]_AMMONIUM_c,-3.414865183857598,2.0
[MB]_PHE_tRNAs_c,0.05479265291264669,-2.0000000000000275
[MB]_ALLYSINE_c,0.0,2.0
[MB]_ILE_tRNAs_c,0.0380698584673704,-2.0000000000001137
[MB]_MANNOSE_c,0.0,-2.000000000000057
[MB]_Protein_tranlocation_cost_c,0.0,2.0
[MB]_GLYCOLLATE_c,2.162098517488523e-15,-2.0
[MB]_DELTA3_ISOPENTENYL_PP_c,0.0,2.0
[MB]_LEU_c,0.0,2.0
[MB]_ASN_c,0.0,1.0920904367492312
[MB]_FeII_c,0.0,-2.0
[MB]_PHOSPHO_ENOL_PYRUVATE_c,0.0,2.000000000000398
[MB]_LYS_c,0.0591927312420085,-2.0
[MB]_GLY_c,6.99015897136172,-2.0000000000000284
[MB]_PHOSPHORYL_ETHANOLAMINE_c,0.0,2.0
[MB]_L_ORNITHINE_c,0.0,-2.0
[MB]_Charged_SER_tRNAs_c,-0.0841411597649917,2.0
[MB]_CPD_14553_c,0.0,1.711119684420428
[MB]_Fatty_Acids_c,0.0,2.0
[MB]_CPD_674_c,0.0,0.4999999999997726
[MB]_COUMARATE_c,-1.7213758136554681e-16,-2.0
[MB]_4_HYDROXYBENZALDEHYDE_c,5.852677766428592e-17,2.0
[MB]_a4_HYDROXYBENZALDEHYDE_c,1.136108037012609e-16,2.0
[MB]_CPD_7616_c,0.0,2.0
[MB]_aCPD_7616_c,0.0,2.0
[MB]_VANILLIN_c,0.0,2.000000000000057
[MB]_aVANILLIN_c,0.0,2.0
[MB]_P_COUMAROYL_COA_c,0.0,2.0
[MB]_CPD_412_c,0.0,2.0
[MB]_CAFFEOYLSHIKIMATE_c,0.0,2.0000000000000004
[MB]_CAFFEOYL_COA_c,0.0,2.0
[MB]_CPD_676_c,0.0,2.0
[MB]_FERULIC_ACID_c,0.0,-2.0
[MB]_FERULOYL_COA_c,0.0,2.0
[MB]_ACETOVANILLONE_c,0.0,2.0
[MB]_aACETOVANILLONE_c,0.0,2.0
[MB]_5_HYDROXY_ACETOVANILLONE_c,0.0,2.0
[MB]_a5_HYDROXY_ACETOVANILLONE_c,0.0,2.0
[MB]_ACETOSYRINGONE_c,0.0,2.0
[MB]_aACETOSYRINGONE_c,0.0,2.0
[MB]_5_HYDROXY_FERULIC_ACID_c,0.0,2.0
[MB]_SINAPATE_c,0.0,2.0
[MB]_SYRINGALDEHYDE_c,0.0,2.0
[MB]_aSYRINGALDEHYDE_c,0.0,2.0
[MB]_SYRINGIC_ACID_c,0.0,2.0
[MB]_VANILLIC_ACID_c,0.0,2.000000000000057
[MB]_SHIKIMATE_c,0.0,2.0
[B]_CO2_pc_Ex,0.0,2.0
[B]_RIBULOSE_BISPHOSPHATE_CARBOXYLASE_RXN_p_Ex,0.0,37.96834302351334
[MB]_CO2_c,0.0,2.0
